--
-- PostgreSQL database dump
--

\restrict 2XxQkwFLPeazGbr6M3rfaA2ljbFeYK6giYbZoXsLvtMHTNLZb1s51WeCxgXOV3F

-- Dumped from database version 18.3
-- Dumped by pg_dump version 18.3

-- Started on 2026-03-04 16:54:01

SET statement_timeout = 0;
SET lock_timeout = 0;
SET idle_in_transaction_session_timeout = 0;
SET transaction_timeout = 0;
SET client_encoding = 'UTF8';
SET standard_conforming_strings = on;
SELECT pg_catalog.set_config('search_path', '', false);
SET check_function_bodies = false;
SET xmloption = content;
SET client_min_messages = warning;
SET row_security = off;

SET default_tablespace = '';

SET default_table_access_method = heap;

--
-- TOC entry 222 (class 1259 OID 16699)
-- Name: pedido_itens; Type: TABLE; Schema: public; Owner: postgres
--

CREATE TABLE public.pedido_itens (
    id bigint NOT NULL,
    pedido_id bigint NOT NULL,
    codigo_produto character varying(50),
    descricao text,
    quantidade numeric(18,3) DEFAULT 0 NOT NULL,
    unidade character varying(20),
    linha_origem integer
);


ALTER TABLE public.pedido_itens OWNER TO postgres;

--
-- TOC entry 221 (class 1259 OID 16698)
-- Name: pedido_itens_id_seq; Type: SEQUENCE; Schema: public; Owner: postgres
--

CREATE SEQUENCE public.pedido_itens_id_seq
    START WITH 1
    INCREMENT BY 1
    NO MINVALUE
    NO MAXVALUE
    CACHE 1;


ALTER SEQUENCE public.pedido_itens_id_seq OWNER TO postgres;

--
-- TOC entry 5064 (class 0 OID 0)
-- Dependencies: 221
-- Name: pedido_itens_id_seq; Type: SEQUENCE OWNED BY; Schema: public; Owner: postgres
--

ALTER SEQUENCE public.pedido_itens_id_seq OWNED BY public.pedido_itens.id;


--
-- TOC entry 224 (class 1259 OID 16720)
-- Name: pedido_volumes; Type: TABLE; Schema: public; Owner: postgres
--

CREATE TABLE public.pedido_volumes (
    id bigint NOT NULL,
    pedido_id bigint NOT NULL,
    volume_num integer NOT NULL,
    total_volumes integer NOT NULL,
    criado_em timestamp with time zone DEFAULT now() NOT NULL
);


ALTER TABLE public.pedido_volumes OWNER TO postgres;

--
-- TOC entry 223 (class 1259 OID 16719)
-- Name: pedido_volumes_id_seq; Type: SEQUENCE; Schema: public; Owner: postgres
--

CREATE SEQUENCE public.pedido_volumes_id_seq
    START WITH 1
    INCREMENT BY 1
    NO MINVALUE
    NO MAXVALUE
    CACHE 1;


ALTER SEQUENCE public.pedido_volumes_id_seq OWNER TO postgres;

--
-- TOC entry 5065 (class 0 OID 0)
-- Dependencies: 223
-- Name: pedido_volumes_id_seq; Type: SEQUENCE OWNED BY; Schema: public; Owner: postgres
--

ALTER SEQUENCE public.pedido_volumes_id_seq OWNED BY public.pedido_volumes.id;


--
-- TOC entry 220 (class 1259 OID 16681)
-- Name: pedidos; Type: TABLE; Schema: public; Owner: postgres
--

CREATE TABLE public.pedidos (
    id bigint NOT NULL,
    picking character varying(20) NOT NULL,
    numero_pedido character varying(30) NOT NULL,
    rota character varying(50),
    cliente_nome text,
    endereco_logradouro text,
    endereco_numero text,
    endereco_bairro text,
    endereco_cidade text,
    endereco_uf character varying(2),
    endereco_cep character varying(15),
    criado_em timestamp with time zone DEFAULT now() NOT NULL,
    cpf_cnpj text
);


ALTER TABLE public.pedidos OWNER TO postgres;

--
-- TOC entry 219 (class 1259 OID 16680)
-- Name: pedidos_id_seq; Type: SEQUENCE; Schema: public; Owner: postgres
--

CREATE SEQUENCE public.pedidos_id_seq
    START WITH 1
    INCREMENT BY 1
    NO MINVALUE
    NO MAXVALUE
    CACHE 1;


ALTER SEQUENCE public.pedidos_id_seq OWNER TO postgres;

--
-- TOC entry 5066 (class 0 OID 0)
-- Dependencies: 219
-- Name: pedidos_id_seq; Type: SEQUENCE OWNED BY; Schema: public; Owner: postgres
--

ALTER SEQUENCE public.pedidos_id_seq OWNED BY public.pedidos.id;


--
-- TOC entry 226 (class 1259 OID 16741)
-- Name: volume_itens; Type: TABLE; Schema: public; Owner: postgres
--

CREATE TABLE public.volume_itens (
    id bigint NOT NULL,
    volume_id bigint NOT NULL,
    item_id bigint NOT NULL,
    quantidade numeric(18,3) DEFAULT 0 NOT NULL
);


ALTER TABLE public.volume_itens OWNER TO postgres;

--
-- TOC entry 225 (class 1259 OID 16740)
-- Name: volume_itens_id_seq; Type: SEQUENCE; Schema: public; Owner: postgres
--

CREATE SEQUENCE public.volume_itens_id_seq
    START WITH 1
    INCREMENT BY 1
    NO MINVALUE
    NO MAXVALUE
    CACHE 1;


ALTER SEQUENCE public.volume_itens_id_seq OWNER TO postgres;

--
-- TOC entry 5067 (class 0 OID 0)
-- Dependencies: 225
-- Name: volume_itens_id_seq; Type: SEQUENCE OWNED BY; Schema: public; Owner: postgres
--

ALTER SEQUENCE public.volume_itens_id_seq OWNED BY public.volume_itens.id;


--
-- TOC entry 4873 (class 2604 OID 16702)
-- Name: pedido_itens id; Type: DEFAULT; Schema: public; Owner: postgres
--

ALTER TABLE ONLY public.pedido_itens ALTER COLUMN id SET DEFAULT nextval('public.pedido_itens_id_seq'::regclass);


--
-- TOC entry 4875 (class 2604 OID 16723)
-- Name: pedido_volumes id; Type: DEFAULT; Schema: public; Owner: postgres
--

ALTER TABLE ONLY public.pedido_volumes ALTER COLUMN id SET DEFAULT nextval('public.pedido_volumes_id_seq'::regclass);


--
-- TOC entry 4871 (class 2604 OID 16684)
-- Name: pedidos id; Type: DEFAULT; Schema: public; Owner: postgres
--

ALTER TABLE ONLY public.pedidos ALTER COLUMN id SET DEFAULT nextval('public.pedidos_id_seq'::regclass);


--
-- TOC entry 4877 (class 2604 OID 16744)
-- Name: volume_itens id; Type: DEFAULT; Schema: public; Owner: postgres
--

ALTER TABLE ONLY public.volume_itens ALTER COLUMN id SET DEFAULT nextval('public.volume_itens_id_seq'::regclass);


--
-- TOC entry 5054 (class 0 OID 16699)
-- Dependencies: 222
-- Data for Name: pedido_itens; Type: TABLE DATA; Schema: public; Owner: postgres
--

COPY public.pedido_itens (id, pedido_id, codigo_produto, descricao, quantidade, unidade, linha_origem) FROM stdin;
1083	2	40029	ESPARADRAPO SALVELOX 10CMX3M UN	4.000		33
1084	2	34819	MICROPOROSA SALVELOX 1,2CMX4,5M	12.000		34
1085	2	33871	OLEO CAP/CORP.COCO FARMAX 100ML	6.000		35
1086	2	33880	OLEO CAP/CORP.ARGAN FARMAX 100ML	6.000		36
1087	3	34835	ESPARADRAPO SALVELOX 2,5CMX4,5M	12.000		38
1088	3	43494	LUVA LATEX TOP NUGARD C/PO TAM G C/100 UNID	3.000		39
1089	3	30643	CLORETO DE MAGNESIO FARMAX 33GR	12.000		40
1090	3	34860	ESPARADRAPO SALVELOX 5CMX4,5M UNIT	12.000		41
1091	3	43486	LUVA LATEX  TOP NUGARD C/PO TAM M C/100 UNID	6.000		42
1092	3	43796	LUVA LATEX SOFT AID C/PO TAM M C/20	6.000		43
1093	3	30678	VASELINA VASEMAX LIQ.FARMAX 100ML	12.000		44
1094	3	30570	ALCOOL 70% FARMAX 50ML	12.000		45
1095	3	30562	AGUA BORICADA 3% FARMAX 100ML C/12 PACK *********	2.000		46
1096	3	30430	BICARBONATO SODIO FARMAX POTE 100GR	12.000		47
1097	3	30368	AGUA OXIGENADA  FARMAX 10VOL 100ML C/12UN PACK **********	2.000		48
1098	4	28193	CURATIVO CREMERCARE TRANSP RED C/16UND	6.000		41
1099	4	34827	MICROPOROSA SALVELOX 5CMX4,5M UNIT	6.000		42
1100	4	31330	SORO FISIOL.SORIMAX 500ML 24UN CX **************	3.000		43
1101	4	35858	VIOLETA GENCIANA UNIPHAR 30ML UNIT	6.000		44
1102	4	34770	AGUA OXIGENADA RIOQUIMICA 10 VOL. 1LT UNIT	1.000		45
1103	4	31445	DERMAEX OLEO CICATRIZANTE 200ML	3.000		46
1104	4	31437	DERMAEX OLEO CICATRIZANTE 100ML	3.000		47
1105	4	30562	AGUA BORICADA 3% FARMAX 100ML C/12 PACK *********	1.000		48
1106	4	30546	PEDRA HUME SPRAY C/ GLIC. FARMAX 30ML	3.000		49
1107	4	30457	OLEO RICINO PURO FARMAX 30ML	3.000		50
1108	4	30368	AGUA OXIGENADA  FARMAX 10VOL 100ML C/12UN PACK **********	1.000		51
1109	5	29963	COMPRESSA  GAZE AMERICA HERIKA 11 FIOS 440X10 CX *******	1.000		36
1110	5	35238	TIRAS GLICOSE ON CALL PLUS C/50 UND	3.000		37
1111	5	34703	MASCARA DESC TRIPLA C/ELASTICO MEDIX 22G BR C/50UND	3.000		38
1112	5	33871	OLEO CAP/CORP.COCO FARMAX 100ML	3.000		39
1113	5	30600	OLEO MINERAL NATUROL MED. FARMAX 100ML	6.000		40
1114	5	33065	OLEO CAP/CORP.AMENDOAS FARMAX 100ML	3.000		41
1115	5	33847	OLEO CAP/CORP.BABOSA FARMAX 100ML	3.000		42
1116	5	132500	COLETOR UNIVERSAL DESPACK 70 ML S/CX 100UN	1.000		43
1117	6	31330	SORO FISIOL.SORIMAX 500ML 24UN CX **************	3.000		33
1118	7	31330	SORO FISIOL.SORIMAX 500ML 24UN CX **************	3.000		33
1119	8	1090	BOLSA TERM TERMOGEL PEQ 130MM X 180MM UNIT	2.000		43
1120	8	40142	NEBULIZADOR NEB AIR MULTILASER C/FONTE HC068	1.000		44
1121	8	42943	LUVA MEDIX CIR. TAM 7,0 PAR	6.000		45
1122	8	42951	LUVA MEDIX CIR. TAM 7,5 PAR	6.000		46
1123	8	42960	LUVA MEDIX CIR. TAM 8,5 PAR	6.000		47
1124	8	43915	OLEO DE RICINO 30 ML UNIPHAR	6.000		48
1125	8	44202	LUVA MEDIX CIR. TAM 8,0 PAR	6.000		49
1126	8	34835	ESPARADRAPO SALVELOX 2,5CMX4,5M	10.000		50
1127	8	34843	ESPARADRAPO SALVELOX 2,5CMX90CM UNIT	12.000		51
1128	8	33944	OLEO CAP/CORP.ROSA MOSQUETA FARMAX 100ML	3.000		52
1129	8	31445	DERMAEX OLEO CICATRIZANTE 200ML	6.000		53
1130	8	33065	OLEO CAP/CORP.AMENDOAS FARMAX 100ML	3.000		54
1131	8	33855	OLEO CAP/CORP.CENOURA FARMAX 100ML	3.000		55
1132	8	31437	DERMAEX OLEO CICATRIZANTE 100ML	6.000		56
1133	8	30651	ALGODAO APOLO 25GR C/20UNID PACK ***********	1.000		57
1134	8	30570	ALCOOL 70% FARMAX 50ML	24.000		58
1135	8	30430	BICARBONATO SODIO FARMAX POTE 100GR	12.000		59
1136	8	30384	AGUA OXIGENADA  FARMAX 10VOL SPRAY 100ML	6.000		60
1137	8	30368	AGUA OXIGENADA  FARMAX 10VOL 100ML C/12UN PACK **********	1.000		61
1138	8	1155	BOLSA TERM TERMOGEL GDE 16MM X 240MM UNIT	2.000		62
1139	8	1350	POVIDINE TOPICO ALMOTOLIA 100ML	3.000		63
1140	8	1163	SER BD SOLOMED 3ML AG 0,70X30 22G 100UN-633	1.000		64
1141	9	30430	BICARBONATO SODIO FARMAX POTE 100GR	12.000		34
1142	9	30511	ALCOOL GEL 70% FARMAX 50GR	12.000		35
1143	9	1724	AGULHA DESC BD 0,80X30 INTRAMUSCULAR CX C/100UN	2.000		36
1144	9	892	SER BD SOLOMED 3ML AG 0,70X25 22G 100UN-632	1.000		37
1145	9	639	ESPARADRAPO BRANCO CREMER 2,5CMX4,5M	12.000		38
1146	10	29777	LANCETA PARA LANCETADOR GTECH 28G C/100 UNIDS	15.000		31
1147	10	35203	SERINGA INS CEPALAB  50 UI AG. 6MM CX C/100 INDIV.	1.000		32
1148	11	28193	CURATIVO CREMERCARE TRANSP RED C/16UND	12.000		34
1149	11	43346	CURATIVO C/20 MICKEY E MINNIE SANFARMA	4.000		35
1150	11	36374	CURATIVO EXTRA GRANDE XXG 08UN CREMER	6.000		36
1151	11	40762	AUTO LANCETA GTECH 28G C/ 100 UNID	2.000		37
1152	11	42722	NEBULIZADOR INALAR COMPACT  C810 OMRON	1.000		38
1153	11	43338	CURATIVO C/ 10 MICKEY E MINNIE SANFARMA	6.000		39
1154	11	29777	LANCETA PARA LANCETADOR GTECH 28G C/100 UNIDS	3.000		40
1155	11	35203	SERINGA INS CEPALAB  50 UI AG. 6MM CX C/100 INDIV.	1.000		41
1156	12	183946	SORO FISIOL. ARBORETO 100ML 24UN	1.000		33
1157	12	35238	TIRAS GLICOSE ON CALL PLUS C/50 UND	3.000		34
1158	12	31445	DERMAEX OLEO CICATRIZANTE 200ML	4.000		35
1159	13	183946	SORO FISIOL. ARBORETO 100ML 24UN	1.000		33
1160	13	35238	TIRAS GLICOSE ON CALL PLUS C/50 UND	3.000		34
1161	13	31445	DERMAEX OLEO CICATRIZANTE 200ML	4.000		35
1162	14	31259	MANT. CACAU LUXO NATURAVENE 50UN********	1.000		34
1163	14	35238	TIRAS GLICOSE ON CALL PLUS C/50 UND	3.000		35
1164	14	31445	DERMAEX OLEO CICATRIZANTE 200ML	12.000		36
1165	14	31437	DERMAEX OLEO CICATRIZANTE 100ML	6.000		37
1166	15	183954	SORO FISIOL. ARBORETO 250ML 24UN	1.000		34
1167	15	35238	TIRAS GLICOSE ON CALL PLUS C/50 UND	3.000		35
1168	15	31445	DERMAEX OLEO CICATRIZANTE 200ML	6.000		36
1169	15	31437	DERMAEX OLEO CICATRIZANTE 100ML	6.000		37
1170	16	35238	TIRAS GLICOSE ON CALL PLUS C/50 UND	3.000		33
1171	16	31445	DERMAEX OLEO CICATRIZANTE 200ML	3.000		34
1172	16	31437	DERMAEX OLEO CICATRIZANTE 100ML	3.000		35
1173	17	34657	ALCOOL PRING MEDICAL 70º GL 1LT CX C/12*****************	2.000		33
1174	17	42820	COLETOR UNIVERSAL SAQUINHO  80ML TRANSLUCIDO PCT C/100 ***	2.000		34
1175	18	29963	COMPRESSA  GAZE AMERICA HERIKA 11 FIOS 440X10 CX *******	1.000		34
1176	18	31445	DERMAEX OLEO CICATRIZANTE 200ML	2.000		35
1177	18	39373	MONITOR DE PRESSAO PULSO OMRON DIGITAL  HEM6181	1.000		36
1178	18	174505	SER BD 20ML S/AGULHA LUER SLIP UND	3.000		37
1179	18	180599	SER BD 10ML S/AGULHA LUER LOCK UND	5.000		38
1180	18	31437	DERMAEX OLEO CICATRIZANTE 100ML	6.000		39
1181	18	906	SER BD SOLOMED 5ML AG 0,70X25 22G 100UN-630	1.000		40
1182	18	154229	SER BD INS 50UI AG 6MM 10X10UN- 917	1.000		41
1183	19	40142	NEBULIZADOR NEB AIR MULTILASER C/FONTE HC068	1.000		34
1184	19	174505	SER BD 20ML S/AGULHA LUER SLIP UND	3.000		35
1185	19	180599	SER BD 10ML S/AGULHA LUER LOCK UND	5.000		36
1186	19	31445	DERMAEX OLEO CICATRIZANTE 200ML	2.000		37
1187	19	31437	DERMAEX OLEO CICATRIZANTE 100ML	6.000		38
1188	19	154229	SER BD INS 50UI AG 6MM 10X10UN- 917	1.000		39
1189	20	44172	TERMOMETRO DIGITAL  DOMOTHERM TC01 BRANCO CARTELADO	3.000		34
1190	20	44180	KIT DE NEBULIZACAO C810 OMRON	1.000		35
1191	20	174505	SER BD 20ML S/AGULHA LUER SLIP UND	1.000		36
1192	20	180599	SER BD 10ML S/AGULHA LUER LOCK UND	8.000		37
1193	20	31445	DERMAEX OLEO CICATRIZANTE 200ML	3.000		38
1194	20	31437	DERMAEX OLEO CICATRIZANTE 100ML	6.000		39
1195	20	795	MICRO NEBULIZADOR NS INFANTIL.	1.000		40
1196	20	154229	SER BD INS 50UI AG 6MM 10X10UN- 917	1.000		41
1197	21	44172	TERMOMETRO DIGITAL  DOMOTHERM TC01 BRANCO CARTELADO	3.000		33
1198	21	180599	SER BD 10ML S/AGULHA LUER LOCK UND	1.000		34
1199	21	31445	DERMAEX OLEO CICATRIZANTE 200ML	6.000		35
1200	21	39373	MONITOR DE PRESSAO PULSO OMRON DIGITAL  HEM6181	1.000		36
1201	21	31437	DERMAEX OLEO CICATRIZANTE 100ML	6.000		37
1202	22	31445	DERMAEX OLEO CICATRIZANTE 200ML	6.000		33
1203	22	39373	MONITOR DE PRESSAO PULSO OMRON DIGITAL  HEM6181	1.000		34
1204	22	44180	KIT DE NEBULIZACAO C810 OMRON	1.000		35
1205	22	174505	SER BD 20ML S/AGULHA LUER SLIP UND	2.000		36
1206	22	31437	DERMAEX OLEO CICATRIZANTE 100ML	5.000		37
1207	22	154229	SER BD INS 50UI AG 6MM 10X10UN- 917	1.000		38
1208	23	41106	MONITOR DE PRESSAO BRAÇO OMRON DIGITAL HEM7142	1.000		34
1209	23	42722	NEBULIZADOR INALAR COMPACT  C810 OMRON	2.000		35
1210	23	174505	SER BD 20ML S/AGULHA LUER SLIP UND	2.000		36
1211	23	31445	DERMAEX OLEO CICATRIZANTE 200ML	2.000		37
1212	23	31437	DERMAEX OLEO CICATRIZANTE 100ML	6.000		38
1213	23	138185	COLETOR UNIVERSAL MIF CEPALAB C/CAIXA UND.	9.000		39
1214	24	44172	TERMOMETRO DIGITAL  DOMOTHERM TC01 BRANCO CARTELADO	3.000		34
1215	24	174505	SER BD 20ML S/AGULHA LUER SLIP UND	2.000		35
1216	24	31445	DERMAEX OLEO CICATRIZANTE 200ML	7.000		36
1217	24	31437	DERMAEX OLEO CICATRIZANTE 100ML	8.000		37
1218	24	787	MICRO NEBULIZADOR NS ADULTO	2.000		38
1219	24	154229	SER BD INS 50UI AG 6MM 10X10UN- 917	1.000		39
1220	25	31445	DERMAEX OLEO CICATRIZANTE 200ML	10.000		33
1221	25	174505	SER BD 20ML S/AGULHA LUER SLIP UND	6.000		34
1222	25	31437	DERMAEX OLEO CICATRIZANTE 100ML	10.000		35
1223	25	138185	COLETOR UNIVERSAL MIF CEPALAB C/CAIXA UND.	6.000		36
1224	26	31445	DERMAEX OLEO CICATRIZANTE 200ML	10.000		33
1225	26	174505	SER BD 20ML S/AGULHA LUER SLIP UND	6.000		34
1226	26	31437	DERMAEX OLEO CICATRIZANTE 100ML	10.000		35
1227	26	138185	COLETOR UNIVERSAL MIF CEPALAB C/CAIXA UND.	6.000		36
1228	27	31445	DERMAEX OLEO CICATRIZANTE 200ML	3.000		34
1229	27	174505	SER BD 20ML S/AGULHA LUER SLIP UND	5.000		35
1230	27	180599	SER BD 10ML S/AGULHA LUER LOCK UND	2.000		36
1231	27	31437	DERMAEX OLEO CICATRIZANTE 100ML	4.000		37
1232	27	138185	COLETOR UNIVERSAL MIF CEPALAB C/CAIXA UND.	3.000		38
1233	27	154229	SER BD INS 50UI AG 6MM 10X10UN- 917	1.000		39
1234	27	124	ALGODAO APOLO 50GR C/ 20UNID PACK***************	1.000		40
1235	28	183946	SORO FISIOL. ARBORETO 100ML 24UN	1.000		34
1236	28	183954	SORO FISIOL. ARBORETO 250ML 24UN	1.000		35
1237	28	35238	TIRAS GLICOSE ON CALL PLUS C/50 UND	3.000		36
1238	28	31445	DERMAEX OLEO CICATRIZANTE 200ML	9.000		37
1239	28	31437	DERMAEX OLEO CICATRIZANTE 100ML	6.000		38
1240	29	31330	SORO FISIOL.SORIMAX 500ML 24UN CX **************	3.000		33
1241	30	182940	LUVA P/PROCED MEDIX GDE 100UN	6.000		33
1242	30	182958	LUVA P/PROCED MEDIX MED 100UN	6.000		34
1243	30	182966	LUVA P/PROCED MEDIX PEQ 100UN	3.000		35
1244	30	906	SER BD SOLOMED 5ML AG 0,70X25 22G 100UN-630	1.000		36
1245	30	41041	AGULHA DESC BD 0,60X25 INTRAMUSCULAR CX C/100UN	1.000		37
1246	30	180599	SER BD 10ML S/AGULHA LUER LOCK UND	100.000		38
1247	30	892	SER BD SOLOMED 3ML AG 0,70X25 22G 100UN-632	1.000		39
1248	31	29947	KIT MEDIDOR DE GLICOSE GTECH FREE COMPLETO	2.000		33
1249	31	29815	TIRAS GTECH FREE 1 C/50 UNIDS	3.000		34
1250	31	29823	TIRAS GTECH FREE LITE C/50 UNIDS	3.000		35
1251	31	35203	SERINGA INS CEPALAB  50 UI AG. 6MM CX C/100 INDIV.	1.000		36
1252	31	40762	AUTO LANCETA GTECH 28G C/ 100 UNID	4.000		37
1253	31	29777	LANCETA PARA LANCETADOR GTECH 28G C/100 UNIDS	12.000		38
1254	32	1171	SER BD SOLOMED 5ML AG 0,70X30 22G 100UN-631	2.000		31
1255	33	43494	LUVA LATEX TOP NUGARD C/PO TAM G C/100 UNID	2.000		35
1256	33	34657	ALCOOL PRING MEDICAL 70º GL 1LT CX C/12*****************	2.000		36
1257	33	35238	TIRAS GLICOSE ON CALL PLUS C/50 UND	6.000		37
1258	33	42935	LUVA MEDIX CIR. TAM 6,5 PAR	6.000		38
1259	33	42943	LUVA MEDIX CIR. TAM 7,0 PAR	6.000		39
1260	33	42960	LUVA MEDIX CIR. TAM 8,5 PAR	6.000		40
1261	33	43478	LUVA LATEX  TOP NUGARD C/PO TAM P C/100 UNID	2.000		41
1262	33	43486	LUVA LATEX  TOP NUGARD C/PO TAM M C/100 UNID	3.000		42
1263	33	44202	LUVA MEDIX CIR. TAM 8,0 PAR	6.000		43
1264	33	138185	COLETOR UNIVERSAL MIF CEPALAB C/CAIXA UND.	6.000		44
1265	34	31437	DERMAEX OLEO CICATRIZANTE 100ML	6.000		36
1266	34	33812	OLEO A.G.E.GIRASSOL ALMOT.FARMAX 200ML	3.000		37
1267	34	30686	VASELINA VASEMAX FARMAX 60GR	3.000		38
1268	34	30643	CLORETO DE MAGNESIO FARMAX 33GR	6.000		39
1269	34	1171	SER BD SOLOMED 5ML AG 0,70X30 22G 100UN-631	1.000		40
1270	34	620	ESPARADRAPO BRANCO CREMER 1,2CMX4,5M	6.000		41
1271	34	154229	SER BD INS 50UI AG 6MM 10X10UN- 917	2.000		42
1272	34	182940	LUVA P/PROCED MEDIX GDE 100UN	3.000		43
1273	35	28169	CURATIVO CREMERCARE BEGE 10UND	12.000		31
1274	35	33812	OLEO A.G.E.GIRASSOL ALMOT.FARMAX 200ML	9.000		32
1275	36	31330	SORO FISIOL.SORIMAX 500ML 24UN CX **************	3.000		33
1276	37	30678	VASELINA VASEMAX LIQ.FARMAX 100ML	3.000		37
1277	37	33812	OLEO A.G.E.GIRASSOL ALMOT.FARMAX 200ML	3.000		38
1278	37	36790	JOELHEIRA COM ORIFÍCIO PRETO M KSN036	2.000		39
1279	37	30465	OLEO RICINO PURO FARMAX 100ML	6.000		40
1280	37	30430	BICARBONATO SODIO FARMAX POTE 100GR	12.000		41
1281	37	30368	AGUA OXIGENADA  FARMAX 10VOL 100ML C/12UN PACK **********	1.000		42
1282	37	30422	SOLUÇÃO ANTIMICOTICA IODO FARMAX 30ML	6.000		43
1283	37	1163	SER BD SOLOMED 3ML AG 0,70X30 22G 100UN-633	1.000		44
1284	37	906	SER BD SOLOMED 5ML AG 0,70X25 22G 100UN-630	1.000		45
1285	37	213	ATADURA CREPON CREMER CYSNE 20CM UNIT	6.000		46
1286	38	29963	COMPRESSA  GAZE AMERICA HERIKA 11 FIOS 440X10 CX *******	1.000		33
1287	38	34657	ALCOOL PRING MEDICAL 70º GL 1LT CX C/12*****************	1.000		34
1288	38	38512	COMP. Ñ ADER.SANFARMA EST 40X10	3.000		35
1289	39	892	SER BD SOLOMED 3ML AG 0,70X25 22G 100UN-632	2.000		31
1290	40	35203	SERINGA INS CEPALAB  50 UI AG. 6MM CX C/100 INDIV.	3.000		31
1291	41	44202	LUVA MEDIX CIR. TAM 8,0 PAR	12.000		35
1292	41	35858	VIOLETA GENCIANA UNIPHAR 30ML UNIT	12.000		36
1293	41	42960	LUVA MEDIX CIR. TAM 8,5 PAR	12.000		37
1294	41	34703	MASCARA DESC TRIPLA C/ELASTICO MEDIX 22G BR C/50UND	12.000		38
1295	41	31445	DERMAEX OLEO CICATRIZANTE 200ML	6.000		39
1296	41	31437	DERMAEX OLEO CICATRIZANTE 100ML	12.000		40
1297	42	31330	SORO FISIOL.SORIMAX 500ML 24UN CX **************	1.000		35
1298	42	42463	SOLUÇAO DE MANITOL 20% EQUIPLEX 250ML	6.000		36
1299	42	43486	LUVA LATEX  TOP NUGARD C/PO TAM M C/100 UNID	3.000		37
1300	42	43494	LUVA LATEX TOP NUGARD C/PO TAM G C/100 UNID	2.000		38
1301	42	38512	COMP. Ñ ADER.SANFARMA EST 40X10	1.000		39
1302	42	31437	DERMAEX OLEO CICATRIZANTE 100ML	6.000		40
1303	42	35203	SERINGA INS CEPALAB  50 UI AG. 6MM CX C/100 INDIV.	1.000		41
1304	42	138185	COLETOR UNIVERSAL MIF CEPALAB C/CAIXA UND.	12.000		42
1305	43	44172	TERMOMETRO DIGITAL  DOMOTHERM TC01 BRANCO CARTELADO	3.000		34
1306	43	174505	SER BD 20ML S/AGULHA LUER SLIP UND	3.000		35
1307	43	180599	SER BD 10ML S/AGULHA LUER LOCK UND	4.000		36
1308	43	31445	DERMAEX OLEO CICATRIZANTE 200ML	5.000		37
1309	43	42722	NEBULIZADOR INALAR COMPACT  C810 OMRON	1.000		38
1310	43	31437	DERMAEX OLEO CICATRIZANTE 100ML	6.000		39
1311	43	138185	COLETOR UNIVERSAL MIF CEPALAB C/CAIXA UND.	8.000		40
1312	43	154229	SER BD INS 50UI AG 6MM 10X10UN- 917	1.000		41
1313	43	162388	SER BD INS 100UI AG 6MM 10X10UN - 918	1.000		42
1314	44	44172	TERMOMETRO DIGITAL  DOMOTHERM TC01 BRANCO CARTELADO	3.000		35
1315	44	174505	SER BD 20ML S/AGULHA LUER SLIP UND	6.000		36
1316	44	31445	DERMAEX OLEO CICATRIZANTE 200ML	3.000		37
1317	44	31437	DERMAEX OLEO CICATRIZANTE 100ML	10.000		38
1318	44	138185	COLETOR UNIVERSAL MIF CEPALAB C/CAIXA UND.	6.000		39
1319	44	787	MICRO NEBULIZADOR NS ADULTO	1.000		40
1320	45	29963	COMPRESSA  GAZE AMERICA HERIKA 11 FIOS 440X10 CX *******	1.000		32
1321	45	31437	DERMAEX OLEO CICATRIZANTE 100ML	6.000		33
1322	45	174505	SER BD 20ML S/AGULHA LUER SLIP UND	3.000		34
1323	46	38512	COMP. Ñ ADER.SANFARMA EST 40X10	2.000		34
1324	46	35858	VIOLETA GENCIANA UNIPHAR 30ML UNIT	6.000		35
1325	46	620	ESPARADRAPO BRANCO CREMER 1,2CMX4,5M	6.000		36
1326	46	33812	OLEO A.G.E.GIRASSOL ALMOT.FARMAX 200ML	3.000		37
1327	46	154229	SER BD INS 50UI AG 6MM 10X10UN- 917	1.000		38
1328	47	213	ATADURA CREPON CREMER CYSNE 20CM UNIT	6.000		32
1329	47	33812	OLEO A.G.E.GIRASSOL ALMOT.FARMAX 200ML	6.000		33
1330	47	154229	SER BD INS 50UI AG 6MM 10X10UN- 917	1.000		34
1331	48	30287	MUNHEQUEIRA C/TALA AJUST.BIL.PRETA KSN011	1.000		42
1332	48	31046	MUNHEQUEIRA ELAST .AJUST.PRETA KSN064	2.000		43
1333	48	335720	PERMASSIM CAIXA C/ 500 CP	1.000		44
1334	48	38512	COMP. Ñ ADER.SANFARMA EST 40X10	2.000		45
1335	48	41050	AGULHA DESC BD 0,60X30 INTRAMUSCULAR CX C/100UN	1.000		46
1336	48	174505	SER BD 20ML S/AGULHA LUER SLIP UND	10.000		47
1337	48	180599	SER BD 10ML S/AGULHA LUER LOCK UND	10.000		48
1338	48	182427	ESPARADRAPO BRANCO CREMER 5,0CMX4,5M	6.000		49
1339	48	37826	MUNHEQUEIRA AJUSTAVEL NEOSOFT KSN071	1.000		50
1340	48	37737	CURATIVO JOELHO/COTOVELO CREMER C/06	3.000		51
1341	48	37710	CURATIVOS VARIADOS 6 FORM. 30UN CREMER	6.000		52
1342	48	35858	VIOLETA GENCIANA UNIPHAR 30ML UNIT	6.000		53
1343	48	30660	GLICERINA PURA COSMETICA FARMAX 100ML	6.000		54
1344	48	31399	AGULHA P/CANETA 4MM NANO PENTAPOINT EASYFLOW 100UND	1.000		55
1345	48	33812	OLEO A.G.E.GIRASSOL ALMOT.FARMAX 200ML	3.000		56
1346	48	33847	OLEO CAP/CORP.BABOSA FARMAX 100ML	6.000		57
1347	48	30546	PEDRA HUME SPRAY C/ GLIC. FARMAX 30ML	6.000		58
1348	48	1090	BOLSA TERM TERMOGEL PEQ 130MM X 180MM UNIT	3.000		59
1349	48	892	SER BD SOLOMED 3ML AG 0,70X25 22G 100UN-632	1.000		60
1350	48	154229	SER BD INS 50UI AG 6MM 10X10UN- 917	1.000		61
1351	49	30023	MUNHEQUEIRA AJUST.PRETA KSN010	2.000		35
1352	49	33871	OLEO CAP/CORP.COCO FARMAX 100ML	6.000		36
1353	49	1090	BOLSA TERM TERMOGEL PEQ 130MM X 180MM UNIT	3.000		37
1354	49	33812	OLEO A.G.E.GIRASSOL ALMOT.FARMAX 200ML	3.000		38
1355	49	154229	SER BD INS 50UI AG 6MM 10X10UN- 917	1.000		39
1356	50	30309	JOELHEIRA LONGA C/ORIF.REF.PRETA G KSN002	2.000		40
1357	50	30325	JOELHEIRA LONGA C/ORIF.REF.PRETA M KSN002	2.000		41
1358	50	30350	JOELHEIRA CURTA PRETA M KSN034	2.000		42
1359	50	42463	SOLUÇAO DE MANITOL 20% EQUIPLEX 250ML	12.000		43
1360	50	31372	POVIDINE TOPICO SPRAY 30ML	3.000		44
1361	50	33812	OLEO A.G.E.GIRASSOL ALMOT.FARMAX 200ML	3.000		45
1362	50	33847	OLEO CAP/CORP.BABOSA FARMAX 100ML	6.000		46
1363	50	30600	OLEO MINERAL NATUROL MED. FARMAX 100ML	6.000		47
1364	50	30384	AGUA OXIGENADA  FARMAX 10VOL SPRAY 100ML	12.000		48
1365	50	892	SER BD SOLOMED 3ML AG 0,70X25 22G 100UN-632	1.000		49
1366	51	31046	MUNHEQUEIRA ELAST .AJUST.PRETA KSN064	2.000		39
1367	51	34703	MASCARA DESC TRIPLA C/ELASTICO MEDIX 22G BR C/50UND	6.000		40
1368	51	30678	VASELINA VASEMAX LIQ.FARMAX 100ML	3.000		41
1369	51	33847	OLEO CAP/CORP.BABOSA FARMAX 100ML	2.000		42
1370	51	30643	CLORETO DE MAGNESIO FARMAX 33GR	6.000		43
1371	51	30570	ALCOOL 70% FARMAX 50ML	36.000		44
1372	51	30562	AGUA BORICADA 3% FARMAX 100ML C/12 PACK *********	1.000		45
1373	51	30457	OLEO RICINO PURO FARMAX 30ML	12.000		46
1374	51	30384	AGUA OXIGENADA  FARMAX 10VOL SPRAY 100ML	12.000		47
1375	51	30422	SOLUÇÃO ANTIMICOTICA IODO FARMAX 30ML	3.000		48
1376	86	37826	MUNHEQUEIRA AJUSTAVEL NEOSOFT KSN071	2.000		40
1377	86	43915	OLEO DE RICINO 30 ML UNIPHAR	6.000		41
1378	86	35858	VIOLETA GENCIANA UNIPHAR 30ML UNIT	6.000		42
1379	86	31445	DERMAEX OLEO CICATRIZANTE 200ML	6.000		43
1380	86	33065	OLEO CAP/CORP.AMENDOAS FARMAX 100ML	6.000		44
1381	86	33812	OLEO A.G.E.GIRASSOL ALMOT.FARMAX 200ML	3.000		45
1382	86	31437	DERMAEX OLEO CICATRIZANTE 100ML	6.000		46
1383	86	31372	POVIDINE TOPICO SPRAY 30ML	3.000		47
1384	86	30570	ALCOOL 70% FARMAX 50ML	24.000		48
1385	86	30384	AGUA OXIGENADA  FARMAX 10VOL SPRAY 100ML	12.000		49
1386	86	129020	PORTA COMPRIMIDOS DISCO SEMANAL  INCOTERM BRANCO UNIT	3.000		50
1387	86	892	SER BD SOLOMED 3ML AG 0,70X25 22G 100UN-632	1.000		51
1388	86	154229	SER BD INS 50UI AG 6MM 10X10UN- 917	1.000		52
1389	52	31330	SORO FISIOL.SORIMAX 500ML 24UN CX **************	1.000		35
1390	52	31372	POVIDINE TOPICO SPRAY 30ML	3.000		36
1391	52	30678	VASELINA VASEMAX LIQ.FARMAX 100ML	3.000		37
1392	52	30570	ALCOOL 70% FARMAX 50ML	36.000		38
1393	52	892	SER BD SOLOMED 3ML AG 0,70X25 22G 100UN-632	1.000		39
1394	53	612	ESPARADRAPO BRANCO CREMER 2,5CMX0,9M	150.000		40
1395	53	30651	ALGODAO APOLO 25GR C/20UNID PACK ***********	30.000		41
1396	53	31402	SORO FISIOL SORIMAX 100ML C/12UN PACK *************	10.000		42
1397	53	30368	AGUA OXIGENADA  FARMAX 10VOL 100ML C/12UN PACK **********	9.000		43
1398	53	28223	HASTES FLEXIVEIS CREMER  C/75   UNID.	56.000		44
1399	54	183962	SORO FISIOL. ARBORETO 500ML 24UN	100.000		129
1400	55	31330	SORO FISIOL.SORIMAX 500ML 24UN CX **************	2.000		40
1401	55	31372	POVIDINE TOPICO SPRAY 30ML	6.000		41
1402	55	148300	AGULHA DESC BD 0,30X13 INTRAD/SUBC CX C/100UN	1.000		42
1403	55	30562	AGUA BORICADA 3% FARMAX 100ML C/12 PACK *********	2.000		43
1404	55	30546	PEDRA HUME SPRAY C/ GLIC. FARMAX 30ML	6.000		44
1405	55	1090	BOLSA TERM TERMOGEL PEQ 130MM X 180MM UNIT	6.000		45
1406	55	1155	BOLSA TERM TERMOGEL GDE 16MM X 240MM UNIT	4.000		46
1407	55	138185	COLETOR UNIVERSAL MIF CEPALAB C/CAIXA UND.	12.000		47
1408	55	906	SER BD SOLOMED 5ML AG 0,70X25 22G 100UN-630	1.000		48
1409	55	787	MICRO NEBULIZADOR NS ADULTO	1.000		49
1410	55	1171	SER BD SOLOMED 5ML AG 0,70X30 22G 100UN-631	1.000		50
1411	56	31330	SORO FISIOL.SORIMAX 500ML 24UN CX **************	2.000		33
1412	56	892	SER BD SOLOMED 3ML AG 0,70X25 22G 100UN-632	1.000		34
1413	57	31330	SORO FISIOL.SORIMAX 500ML 24UN CX **************	1.000		34
1414	57	34657	ALCOOL PRING MEDICAL 70º GL 1LT CX C/12*****************	1.000		35
1415	57	1090	BOLSA TERM TERMOGEL PEQ 130MM X 180MM UNIT	3.000		36
1416	57	138185	COLETOR UNIVERSAL MIF CEPALAB C/CAIXA UND.	12.000		37
1417	58	31330	SORO FISIOL.SORIMAX 500ML 24UN CX **************	1.000		33
1418	58	34657	ALCOOL PRING MEDICAL 70º GL 1LT CX C/12*****************	1.000		34
1419	58	138185	COLETOR UNIVERSAL MIF CEPALAB C/CAIXA UND.	12.000		35
1420	59	35238	TIRAS GLICOSE ON CALL PLUS C/50 UND	12.000		32
1421	59	40762	AUTO LANCETA GTECH 28G C/ 100 UNID	2.000		33
1422	59	30457	OLEO RICINO PURO FARMAX 30ML	12.000		34
1423	60	35238	TIRAS GLICOSE ON CALL PLUS C/50 UND	10.000		31
1424	61	35866	PERMANGANATO DE POTASSIO UNIPHAR 10 DOSES 100MG UNIT	2.000		33
1425	61	35238	TIRAS GLICOSE ON CALL PLUS C/50 UND	6.000		34
1426	61	1090	BOLSA TERM TERMOGEL PEQ 130MM X 180MM UNIT	3.000		35
1427	62	31330	SORO FISIOL.SORIMAX 500ML 24UN CX **************	2.000		37
1428	62	35866	PERMANGANATO DE POTASSIO UNIPHAR 10 DOSES 100MG UNIT	3.000		38
1429	62	30562	AGUA BORICADA 3% FARMAX 100ML C/12 PACK *********	1.000		39
1430	62	30546	PEDRA HUME SPRAY C/ GLIC. FARMAX 30ML	6.000		40
1431	62	1090	BOLSA TERM TERMOGEL PEQ 130MM X 180MM UNIT	2.000		41
1432	62	29670	ALGODAO CREMER 50G C/10 UNID PACK***************	1.000		42
1433	63	183962	SORO FISIOL. ARBORETO 500ML 24UN	50.000		80
1434	64	38512	COMP. Ñ ADER.SANFARMA EST 40X10	3.000		33
1435	64	31445	DERMAEX OLEO CICATRIZANTE 200ML	6.000		34
1436	64	31437	DERMAEX OLEO CICATRIZANTE 100ML	6.000		35
1437	65	30686	VASELINA VASEMAX FARMAX 60GR	12.000		37
1438	65	44199	CLORETO DE MAGNESIO 33 GRS UNIPHAR	12.000		38
1439	65	30589	TINTURA DE IODO 2% FARMAX 30ML	6.000		39
1440	65	30694	VASELINA VASEMAX FARMAX 100GR	6.000		40
1441	65	30538	PEDRA HUME PURA PO FARMAX 20G	12.000		41
1442	65	30457	OLEO RICINO PURO FARMAX 30ML	12.000		42
1443	65	30368	AGUA OXIGENADA  FARMAX 10VOL 100ML C/12UN PACK **********	2.000		43
1444	65	154229	SER BD INS 50UI AG 6MM 10X10UN- 917	2.000		44
1445	66	35203	SERINGA INS CEPALAB  50 UI AG. 6MM CX C/100 INDIV.	3.000		32
1446	66	154229	SER BD INS 50UI AG 6MM 10X10UN- 917	1.000		33
1447	67	182940	LUVA P/PROCED MEDIX GDE 100UN	30.000		33
1448	68	28215	CURATIVO CREMERCARE TRANSP C/ 40UN	6.000		44
1449	68	34851	ESPARADRAPO SALVELOX 1,2CMX4,5M UNIT	6.000		45
1450	68	152706	ESPARADRAPO TRANSPARENTE CREMER 1,2CMX4,5M	6.000		46
1451	68	38512	COMP. Ñ ADER.SANFARMA EST 40X10	5.000		47
1452	68	34860	ESPARADRAPO SALVELOX 5CMX4,5M UNIT	12.000		48
1453	68	34835	ESPARADRAPO SALVELOX 2,5CMX4,5M	12.000		49
1454	68	34843	ESPARADRAPO SALVELOX 2,5CMX90CM UNIT	12.000		50
1455	68	31445	DERMAEX OLEO CICATRIZANTE 200ML	6.000		51
1456	68	31437	DERMAEX OLEO CICATRIZANTE 100ML	6.000		52
1457	68	22730	MICROPOROSA BRANCA CREMER 10CMX4,5M UNIT	6.000		53
1458	68	22748	MICROPOROSA BRANCA CREMER 2,5CMX0,9M	12.000		54
1459	68	22721	MICROPOROSA BRANCA CREMER 1,2CMX4,5M	12.000		55
1460	68	639	ESPARADRAPO BRANCO CREMER 2,5CMX4,5M	12.000		56
1461	68	620	ESPARADRAPO BRANCO CREMER 1,2CMX4,5M	12.000		57
1462	68	612	ESPARADRAPO BRANCO CREMER 2,5CMX0,9M	12.000		58
1463	68	213	ATADURA CREPON CREMER CYSNE 20CM UNIT	6.000		59
1464	68	175	ATADURA CREPON CREMER CYSNE 8CM  C/6 PACK*************	3.000		60
1465	68	152714	ESPARADRAPO TRANSPARENTE CREMER 2,5CMX4,5M UNIT	6.000		61
1466	68	28207	CURATIVO CREMERCARE TRANSP C/10UN	12.000		62
1467	69	182958	LUVA P/PROCED MEDIX MED 100UN	2.000		79
1468	69	182966	LUVA P/PROCED MEDIX PEQ 100UN	2.000		80
1469	69	29963	COMPRESSA  GAZE AMERICA HERIKA 11 FIOS 440X10 CX *******	1.000		81
1470	69	31330	SORO FISIOL.SORIMAX 500ML 24UN CX **************	2.000		82
1471	69	34657	ALCOOL PRING MEDICAL 70º GL 1LT CX C/12*****************	1.000		83
1472	69	38946	ATADURA AMERICA 6CMX1.8M SOFT C/12 PACK****************	1.000		84
1473	69	38954	ATADURA AMERICA 8CMX1.8M SOFT C/12 PACK **************	1.000		85
1474	69	38997	ATADURA AMERICA 20CMX1.8M SOFT UNIT	6.000		86
1475	69	39004	ATADURA AMERICA 25CMX1.8M SOFT UNIT	6.000		87
1476	69	39012	ATADURA  AMERICA 30CMX1.8M SOFT UNIT	6.000		88
1477	69	1090	BOLSA TERM TERMOGEL PEQ 130MM X 180MM UNIT	2.000		89
1478	69	40002	HASTES SEGURANÇA PATRULHA CANINA TOPZ 50UN	3.000		90
1479	69	42242	ALCOOL PRING BACTERICIDA ZERO 46% CX COM 12 UNID	1.000		91
1480	69	43338	CURATIVO C/ 10 MICKEY E MINNIE SANFARMA	3.000		92
1481	69	43796	LUVA LATEX SOFT AID C/PO TAM M C/20	2.000		93
1482	69	43800	LUVA LATEX SOFT AID C/PO TAM P C/20	2.000		94
1483	69	43818	LUVA LATEX SOFT AID C/PO TAM G C/20	2.000		95
1484	69	182427	ESPARADRAPO BRANCO CREMER 5,0CMX4,5M	12.000		96
1485	69	39853	ESPARADRAPO BEGE CREMER 1,2CMX3,00	12.000		97
1486	69	38512	COMP. Ñ ADER.SANFARMA EST 40X10	1.000		98
1487	69	38750	SERINGA 5ML S/AG LUER LOCK C/100UN MEDIX *************	1.000		99
1488	69	38830	COLETOR PERFURO-CORTANTE 13L MEDIX UNIT	3.000		100
1489	69	37834	JOELHEIRA AJUSTAVEL NEOSOFT KSN076	1.000		101
1490	69	38326	CURATIVOS CREMER PATRULHA CANINA C/10 UNID	3.000		102
1491	69	31445	DERMAEX OLEO CICATRIZANTE 200ML	3.000		103
1492	69	35203	SERINGA INS CEPALAB  50 UI AG. 6MM CX C/100 INDIV.	2.000		104
1493	69	31437	DERMAEX OLEO CICATRIZANTE 100ML	3.000		105
1494	69	30686	VASELINA VASEMAX FARMAX 60GR	3.000		106
1495	69	30678	VASELINA VASEMAX LIQ.FARMAX 100ML	3.000		107
1496	69	30643	CLORETO DE MAGNESIO FARMAX 33GR	2.000		108
1497	69	30570	ALCOOL 70% FARMAX 50ML	24.000		109
1498	69	30562	AGUA BORICADA 3% FARMAX 100ML C/12 PACK *********	1.000		110
1499	69	30546	PEDRA HUME SPRAY C/ GLIC. FARMAX 30ML	3.000		111
1500	69	30430	BICARBONATO SODIO FARMAX POTE 100GR	6.000		112
1501	69	30473	SAL AMARGO MED. POTE FARMAX 30G	2.000		113
1502	69	30368	AGUA OXIGENADA  FARMAX 10VOL 100ML C/12UN PACK **********	2.000		114
1503	69	29777	LANCETA PARA LANCETADOR GTECH 28G C/100 UNIDS	2.000		115
1504	69	1155	BOLSA TERM TERMOGEL GDE 16MM X 240MM UNIT	2.000		116
1505	69	892	SER BD SOLOMED 3ML AG 0,70X25 22G 100UN-632	1.000		117
1506	69	182940	LUVA P/PROCED MEDIX GDE 100UN	2.000		118
1507	69	620	ESPARADRAPO BRANCO CREMER 1,2CMX4,5M	12.000		119
1508	69	612	ESPARADRAPO BRANCO CREMER 2,5CMX0,9M	12.000		120
1509	69	22730	MICROPOROSA BRANCA CREMER 10CMX4,5M UNIT	6.000		121
1510	69	22748	MICROPOROSA BRANCA CREMER 2,5CMX0,9M	12.000		122
1511	69	22721	MICROPOROSA BRANCA CREMER 1,2CMX4,5M	24.000		123
1512	69	1350	POVIDINE TOPICO ALMOTOLIA 100ML	3.000		124
1513	69	28207	CURATIVO CREMERCARE TRANSP C/10UN	8.000		125
1514	70	38954	ATADURA AMERICA 8CMX1.8M SOFT C/12 PACK **************	1.000		40
1515	70	37761	MICROPOROSA BEGE SALVELOX 2,5CMX4,5M	12.000		41
1516	70	34703	MASCARA DESC TRIPLA C/ELASTICO MEDIX 22G BR C/50UND	6.000		42
1517	70	31437	DERMAEX OLEO CICATRIZANTE 100ML	6.000		43
1518	70	30660	GLICERINA PURA COSMETICA FARMAX 100ML	12.000		44
1519	70	30570	ALCOOL 70% FARMAX 50ML	24.000		45
1520	70	30562	AGUA BORICADA 3% FARMAX 100ML C/12 PACK *********	1.000		46
1521	70	30546	PEDRA HUME SPRAY C/ GLIC. FARMAX 30ML	6.000		47
1522	70	30430	BICARBONATO SODIO FARMAX POTE 100GR	12.000		48
1523	70	30368	AGUA OXIGENADA  FARMAX 10VOL 100ML C/12UN PACK **********	2.000		49
1524	70	1350	POVIDINE TOPICO ALMOTOLIA 100ML	3.000		50
1525	71	44172	TERMOMETRO DIGITAL  DOMOTHERM TC01 BRANCO CARTELADO	48.000		32
1526	72	44172	TERMOMETRO DIGITAL  DOMOTHERM TC01 BRANCO CARTELADO	48.000		32
1527	73	29971	COMPRESSA GAZE AMERICA HERIKA 13 FIOS 440X10 CX ********	3.000		33
1528	74	29963	COMPRESSA  GAZE AMERICA HERIKA 11 FIOS 440X10 CX *******	1.000		32
1529	74	35203	SERINGA INS CEPALAB  50 UI AG. 6MM CX C/100 INDIV.	3.000		33
1530	75	36145	COMPRESSA GAZE AMERICA REBECCA 9 FIOS C/500  UNIT	4.000		32
1531	75	35238	TIRAS GLICOSE ON CALL PLUS C/50 UND	12.000		33
1532	76	30406	FARMAIODINE TOPICO ALMOT.FARMAX 100ML	6.000		32
1533	76	35858	VIOLETA GENCIANA UNIPHAR 30ML UNIT	12.000		33
1534	76	36145	COMPRESSA GAZE AMERICA REBECCA 9 FIOS C/500  UNIT	3.000		34
1535	76	29670	ALGODAO CREMER 50G C/10 UNID PACK***************	2.000		35
1536	77	29777	LANCETA PARA LANCETADOR GTECH 28G C/100 UNIDS	12.000		32
1537	77	30538	PEDRA HUME PURA PO FARMAX 20G	6.000		33
1538	77	38512	COMP. Ñ ADER.SANFARMA EST 40X10	3.000		34
1539	77	39160	VASELINA VASEMAX  FARMAX 70G	6.000		35
1540	77	175	ATADURA CREPON CREMER CYSNE 8CM  C/6 PACK*************	2.000		36
1541	77	221	ATADURA CREPON CREMER CYSNE 25CM UNIT	6.000		37
1542	78	36374	CURATIVO EXTRA GRANDE XXG 08UN CREMER	6.000		32
1543	78	39160	VASELINA VASEMAX  FARMAX 70G	6.000		33
1544	78	1350	POVIDINE TOPICO ALMOTOLIA 100ML	3.000		34
1545	78	22748	MICROPOROSA BRANCA CREMER 2,5CMX0,9M	6.000		35
1546	78	152714	ESPARADRAPO TRANSPARENTE CREMER 2,5CMX4,5M UNIT	6.000		36
1547	79	28169	CURATIVO CREMERCARE BEGE 10UND	6.000		32
1548	79	29777	LANCETA PARA LANCETADOR GTECH 28G C/100 UNIDS	12.000		33
1549	79	30589	TINTURA DE IODO 2% FARMAX 30ML	6.000		34
1550	79	36374	CURATIVO EXTRA GRANDE XXG 08UN CREMER	6.000		35
1551	79	38512	COMP. Ñ ADER.SANFARMA EST 40X10	1.000		36
1552	79	221	ATADURA CREPON CREMER CYSNE 25CM UNIT	12.000		37
1553	80	1163	SER BD SOLOMED 3ML AG 0,70X30 22G 100UN-633	2.000		31
1554	81	29815	TIRAS GTECH FREE 1 C/50 UNIDS	4.000		32
1555	81	30511	ALCOOL GEL 70% FARMAX 50GR	12.000		33
1556	81	30554	REMOVEDOR ESMALTE C/ACET.FARMAX 100ML C/12 PACK*******	5.000		34
1557	81	39160	VASELINA VASEMAX  FARMAX 70G	6.000		35
1558	81	39357	VASELINA VASEMAX  FARMAX  25 GR	6.000		36
1559	81	1171	SER BD SOLOMED 5ML AG 0,70X30 22G 100UN-631	1.000		37
1560	82	38954	ATADURA AMERICA 8CMX1.8M SOFT C/12 PACK **************	2.000		33
1561	82	30368	AGUA OXIGENADA  FARMAX 10VOL 100ML C/12UN PACK **********	1.000		34
1562	82	30570	ALCOOL 70% FARMAX 50ML	24.000		35
1563	82	35858	VIOLETA GENCIANA UNIPHAR 30ML UNIT	12.000		36
1564	82	36145	COMPRESSA GAZE AMERICA REBECCA 9 FIOS C/500  UNIT	3.000		37
1565	82	42820	COLETOR UNIVERSAL SAQUINHO  80ML TRANSLUCIDO PCT C/100 ***	1.000		38
1566	83	39381	OXIMETRO PULSO DEDO MEDLEVENSOHN	1.000		34
1567	83	182958	LUVA P/PROCED MEDIX MED 100UN	12.000		35
1568	83	182966	LUVA P/PROCED MEDIX PEQ 100UN	6.000		36
1569	83	43907	ALCOOL 70% SPRAY 50 ML UNIPHAR	12.000		37
1570	83	182940	LUVA P/PROCED MEDIX GDE 100UN	10.000		38
1571	83	42463	SOLUÇAO DE MANITOL 20% EQUIPLEX 250ML	6.000		39
1572	83	42943	LUVA MEDIX CIR. TAM 7,0 PAR	6.000		40
1573	83	42951	LUVA MEDIX CIR. TAM 7,5 PAR	6.000		41
1574	83	43478	LUVA LATEX  TOP NUGARD C/PO TAM P C/100 UNID	6.000		42
1575	83	43486	LUVA LATEX  TOP NUGARD C/PO TAM M C/100 UNID	12.000		43
1576	84	34657	ALCOOL PRING MEDICAL 70º GL 1LT CX C/12*****************	5.000		35
1577	85	34657	ALCOOL PRING MEDICAL 70º GL 1LT CX C/12*****************	5.000		35
1578	87	42463	SOLUÇAO DE MANITOL 20% EQUIPLEX 250ML	24.000		31
1595	1	29963	COMPRESSA  GAZE AMERICA HERIKA 11 FIOS 440X10 CX *******	1.000		46
1596	1	40134	ESPAÇADOR EASY AIR ADULTO/INFANTIL  MULTILASER HC178	3.000		47
1597	1	335720	PERMASSIM CAIXA C/ 500 CP	1.000		48
1598	1	1090	BOLSA TERM TERMOGEL PEQ 130MM X 180MM UNIT	6.000		49
1599	1	42463	SOLUÇAO DE MANITOL 20% EQUIPLEX 250ML	6.000		50
1600	1	43400	KIT PARA COLETA DE URINA C/1 TUBO SAQUINHO  3B UNIT	25.000		51
1601	1	40142	NEBULIZADOR NEB AIR MULTILASER C/FONTE HC068	6.000		52
1602	1	39934	BOLSA  DE BORRACHA AGUA QUENTE TERMOGEL 1L	3.000		53
1603	1	38512	COMP. Ñ ADER.SANFARMA EST 40X10	2.000		54
1604	1	34258	BENDITA CANFORA POTE C/200 X 0,75GR BRAVIR	1.000		55
1605	1	31445	DERMAEX OLEO CICATRIZANTE 200ML	6.000		56
1606	1	31437	DERMAEX OLEO CICATRIZANTE 100ML	6.000		57
1607	1	1155	BOLSA TERM TERMOGEL GDE 16MM X 240MM UNIT	6.000		58
1608	1	138185	COLETOR UNIVERSAL MIF CEPALAB C/CAIXA UND.	12.000		59
1609	1	1350	POVIDINE TOPICO ALMOTOLIA 100ML	3.000		60
1610	1	1961	MANTEIGA CACAU BATOM LUXO 3,3GR C/50UN BRAVIR	1.000		61
\.


--
-- TOC entry 5056 (class 0 OID 16720)
-- Dependencies: 224
-- Data for Name: pedido_volumes; Type: TABLE DATA; Schema: public; Owner: postgres
--

COPY public.pedido_volumes (id, pedido_id, volume_num, total_volumes, criado_em) FROM stdin;
1181	2	1	3	2026-03-04 16:51:33.729869-03
1182	2	2	3	2026-03-04 16:51:33.729869-03
1183	2	3	3	2026-03-04 16:51:33.729869-03
1184	3	1	7	2026-03-04 16:51:34.4208-03
1185	3	2	7	2026-03-04 16:51:34.4208-03
1186	3	3	7	2026-03-04 16:51:34.4208-03
1187	3	4	7	2026-03-04 16:51:34.4208-03
1188	3	5	7	2026-03-04 16:51:34.4208-03
1189	3	6	7	2026-03-04 16:51:34.4208-03
1190	3	7	7	2026-03-04 16:51:34.4208-03
1191	4	1	11	2026-03-04 16:51:34.434578-03
1192	4	2	11	2026-03-04 16:51:34.434578-03
1193	4	3	11	2026-03-04 16:51:34.434578-03
1194	4	4	11	2026-03-04 16:51:34.434578-03
1195	4	5	11	2026-03-04 16:51:34.434578-03
1196	4	6	11	2026-03-04 16:51:34.434578-03
1197	4	7	11	2026-03-04 16:51:34.434578-03
1198	4	8	11	2026-03-04 16:51:34.434578-03
1199	4	9	11	2026-03-04 16:51:34.434578-03
1200	4	10	11	2026-03-04 16:51:34.434578-03
1201	4	11	11	2026-03-04 16:51:34.434578-03
1202	5	1	6	2026-03-04 16:51:34.446548-03
1203	5	2	6	2026-03-04 16:51:34.446548-03
1204	5	3	6	2026-03-04 16:51:34.446548-03
1205	5	4	6	2026-03-04 16:51:34.446548-03
1206	5	5	6	2026-03-04 16:51:34.446548-03
1207	5	6	6	2026-03-04 16:51:34.446548-03
1208	6	1	3	2026-03-04 16:51:34.456254-03
1209	6	2	3	2026-03-04 16:51:34.456254-03
1210	6	3	3	2026-03-04 16:51:34.456254-03
1211	7	1	3	2026-03-04 16:51:34.466262-03
1212	7	2	3	2026-03-04 16:51:34.466262-03
1213	7	3	3	2026-03-04 16:51:34.466262-03
1214	8	1	14	2026-03-04 16:51:34.475466-03
1215	8	2	14	2026-03-04 16:51:34.475466-03
1216	8	3	14	2026-03-04 16:51:34.475466-03
1217	8	4	14	2026-03-04 16:51:34.475466-03
1218	8	5	14	2026-03-04 16:51:34.475466-03
1219	8	6	14	2026-03-04 16:51:34.475466-03
1220	8	7	14	2026-03-04 16:51:34.475466-03
1221	8	8	14	2026-03-04 16:51:34.475466-03
1222	8	9	14	2026-03-04 16:51:34.475466-03
1223	8	10	14	2026-03-04 16:51:34.475466-03
1224	8	11	14	2026-03-04 16:51:34.475466-03
1225	8	12	14	2026-03-04 16:51:34.475466-03
1226	8	13	14	2026-03-04 16:51:34.475466-03
1227	8	14	14	2026-03-04 16:51:34.475466-03
1228	9	1	4	2026-03-04 16:51:34.506775-03
1229	9	2	4	2026-03-04 16:51:34.506775-03
1230	9	3	4	2026-03-04 16:51:34.506775-03
1231	9	4	4	2026-03-04 16:51:34.506775-03
1232	10	1	1	2026-03-04 16:51:34.516481-03
1233	11	1	3	2026-03-04 16:51:34.526042-03
1234	11	2	3	2026-03-04 16:51:34.526042-03
1235	11	3	3	2026-03-04 16:51:34.526042-03
1236	12	1	2	2026-03-04 16:51:34.535247-03
1237	12	2	2	2026-03-04 16:51:34.535247-03
1238	13	1	2	2026-03-04 16:51:34.543751-03
1239	13	2	2	2026-03-04 16:51:34.543751-03
1240	14	1	3	2026-03-04 16:51:34.553158-03
1241	14	2	3	2026-03-04 16:51:34.553158-03
1242	14	3	3	2026-03-04 16:51:34.553158-03
1243	15	1	3	2026-03-04 16:51:34.568533-03
1244	15	2	3	2026-03-04 16:51:34.568533-03
1245	15	3	3	2026-03-04 16:51:34.568533-03
1246	16	1	3	2026-03-04 16:51:34.576643-03
1247	16	2	3	2026-03-04 16:51:34.576643-03
1248	16	3	3	2026-03-04 16:51:34.576643-03
1249	17	1	3	2026-03-04 16:51:34.588717-03
1250	17	2	3	2026-03-04 16:51:34.588717-03
1251	17	3	3	2026-03-04 16:51:34.588717-03
1252	18	1	4	2026-03-04 16:51:34.597457-03
1253	18	2	4	2026-03-04 16:51:34.597457-03
1254	18	3	4	2026-03-04 16:51:34.597457-03
1255	18	4	4	2026-03-04 16:51:34.597457-03
1256	19	1	4	2026-03-04 16:51:34.605895-03
1257	19	2	4	2026-03-04 16:51:34.605895-03
1258	19	3	4	2026-03-04 16:51:34.605895-03
1259	19	4	4	2026-03-04 16:51:34.605895-03
1260	20	1	4	2026-03-04 16:51:34.615301-03
1261	20	2	4	2026-03-04 16:51:34.615301-03
1262	20	3	4	2026-03-04 16:51:34.615301-03
1263	20	4	4	2026-03-04 16:51:34.615301-03
1264	21	1	3	2026-03-04 16:51:34.624669-03
1265	21	2	3	2026-03-04 16:51:34.624669-03
1266	21	3	3	2026-03-04 16:51:34.624669-03
1267	22	1	3	2026-03-04 16:51:34.633347-03
1268	22	2	3	2026-03-04 16:51:34.633347-03
1269	22	3	3	2026-03-04 16:51:34.633347-03
1270	23	1	4	2026-03-04 16:51:34.641828-03
1271	23	2	4	2026-03-04 16:51:34.641828-03
1272	23	3	4	2026-03-04 16:51:34.641828-03
1273	23	4	4	2026-03-04 16:51:34.641828-03
1274	24	1	4	2026-03-04 16:51:34.650457-03
1275	24	2	4	2026-03-04 16:51:34.650457-03
1276	24	3	4	2026-03-04 16:51:34.650457-03
1277	24	4	4	2026-03-04 16:51:34.650457-03
1278	25	1	3	2026-03-04 16:51:34.659116-03
1279	25	2	3	2026-03-04 16:51:34.659116-03
1280	25	3	3	2026-03-04 16:51:34.659116-03
1281	26	1	3	2026-03-04 16:51:34.667358-03
1282	26	2	3	2026-03-04 16:51:34.667358-03
1283	26	3	3	2026-03-04 16:51:34.667358-03
1284	27	1	4	2026-03-04 16:51:34.675389-03
1285	27	2	4	2026-03-04 16:51:34.675389-03
1286	27	3	4	2026-03-04 16:51:34.675389-03
1287	27	4	4	2026-03-04 16:51:34.675389-03
1288	28	1	3	2026-03-04 16:51:34.684803-03
1289	28	2	3	2026-03-04 16:51:34.684803-03
1290	28	3	3	2026-03-04 16:51:34.684803-03
1291	29	1	3	2026-03-04 16:51:34.69256-03
1292	29	2	3	2026-03-04 16:51:34.69256-03
1293	29	3	3	2026-03-04 16:51:34.69256-03
1294	30	1	2	2026-03-04 16:51:34.700378-03
1295	30	2	2	2026-03-04 16:51:34.700378-03
1296	31	1	2	2026-03-04 16:51:34.7085-03
1297	31	2	2	2026-03-04 16:51:34.7085-03
1298	32	1	1	2026-03-04 16:51:34.716997-03
1299	33	1	4	2026-03-04 16:51:34.726142-03
1300	33	2	4	2026-03-04 16:51:34.726142-03
1301	33	3	4	2026-03-04 16:51:34.726142-03
1302	33	4	4	2026-03-04 16:51:34.726142-03
1303	34	1	6	2026-03-04 16:51:34.737258-03
1304	34	2	6	2026-03-04 16:51:34.737258-03
1305	34	3	6	2026-03-04 16:51:34.737258-03
1306	34	4	6	2026-03-04 16:51:34.737258-03
1307	34	5	6	2026-03-04 16:51:34.737258-03
1308	34	6	6	2026-03-04 16:51:34.737258-03
1309	35	1	1	2026-03-04 16:51:34.746884-03
1310	36	1	3	2026-03-04 16:51:34.753325-03
1311	36	2	3	2026-03-04 16:51:34.753325-03
1312	36	3	3	2026-03-04 16:51:34.753325-03
1313	37	1	7	2026-03-04 16:51:34.761371-03
1314	37	2	7	2026-03-04 16:51:34.761371-03
1315	37	3	7	2026-03-04 16:51:34.761371-03
1316	37	4	7	2026-03-04 16:51:34.761371-03
1317	37	5	7	2026-03-04 16:51:34.761371-03
1318	37	6	7	2026-03-04 16:51:34.761371-03
1319	37	7	7	2026-03-04 16:51:34.761371-03
1320	38	1	3	2026-03-04 16:51:34.770827-03
1321	38	2	3	2026-03-04 16:51:34.770827-03
1322	38	3	3	2026-03-04 16:51:34.770827-03
1323	39	1	1	2026-03-04 16:51:34.778144-03
1324	40	1	1	2026-03-04 16:51:34.78452-03
1325	41	1	5	2026-03-04 16:51:34.791346-03
1326	41	2	5	2026-03-04 16:51:34.791346-03
1327	41	3	5	2026-03-04 16:51:34.791346-03
1328	41	4	5	2026-03-04 16:51:34.791346-03
1329	41	5	5	2026-03-04 16:51:34.791346-03
1330	42	1	5	2026-03-04 16:51:34.799803-03
1331	42	2	5	2026-03-04 16:51:34.799803-03
1332	42	3	5	2026-03-04 16:51:34.799803-03
1333	42	4	5	2026-03-04 16:51:34.799803-03
1334	42	5	5	2026-03-04 16:51:34.799803-03
1335	43	1	4	2026-03-04 16:51:34.809037-03
1336	43	2	4	2026-03-04 16:51:34.809037-03
1337	43	3	4	2026-03-04 16:51:34.809037-03
1338	43	4	4	2026-03-04 16:51:34.809037-03
1339	44	1	5	2026-03-04 16:51:34.818304-03
1340	44	2	5	2026-03-04 16:51:34.818304-03
1341	44	3	5	2026-03-04 16:51:34.818304-03
1342	44	4	5	2026-03-04 16:51:34.818304-03
1343	44	5	5	2026-03-04 16:51:34.818304-03
1344	45	1	2	2026-03-04 16:51:34.827226-03
1345	45	2	2	2026-03-04 16:51:34.827226-03
1346	46	1	4	2026-03-04 16:51:34.8346-03
1347	46	2	4	2026-03-04 16:51:34.8346-03
1348	46	3	4	2026-03-04 16:51:34.8346-03
1349	46	4	4	2026-03-04 16:51:34.8346-03
1350	47	1	2	2026-03-04 16:51:34.842218-03
1351	47	2	2	2026-03-04 16:51:34.842218-03
1352	48	1	13	2026-03-04 16:51:34.851038-03
1353	48	2	13	2026-03-04 16:51:34.851038-03
1354	48	3	13	2026-03-04 16:51:34.851038-03
1355	48	4	13	2026-03-04 16:51:34.851038-03
1356	48	5	13	2026-03-04 16:51:34.851038-03
1357	48	6	13	2026-03-04 16:51:34.851038-03
1358	48	7	13	2026-03-04 16:51:34.851038-03
1359	48	8	13	2026-03-04 16:51:34.851038-03
1360	48	9	13	2026-03-04 16:51:34.851038-03
1361	48	10	13	2026-03-04 16:51:34.851038-03
1362	48	11	13	2026-03-04 16:51:34.851038-03
1363	48	12	13	2026-03-04 16:51:34.851038-03
1364	48	13	13	2026-03-04 16:51:34.851038-03
1365	49	1	5	2026-03-04 16:51:34.865176-03
1366	49	2	5	2026-03-04 16:51:34.865176-03
1367	49	3	5	2026-03-04 16:51:34.865176-03
1368	49	4	5	2026-03-04 16:51:34.865176-03
1369	49	5	5	2026-03-04 16:51:34.865176-03
1370	50	1	11	2026-03-04 16:51:34.874619-03
1371	50	2	11	2026-03-04 16:51:34.874619-03
1372	50	3	11	2026-03-04 16:51:34.874619-03
1373	50	4	11	2026-03-04 16:51:34.874619-03
1374	50	5	11	2026-03-04 16:51:34.874619-03
1375	50	6	11	2026-03-04 16:51:34.874619-03
1376	50	7	11	2026-03-04 16:51:34.874619-03
1377	50	8	11	2026-03-04 16:51:34.874619-03
1378	50	9	11	2026-03-04 16:51:34.874619-03
1379	50	10	11	2026-03-04 16:51:34.874619-03
1380	50	11	11	2026-03-04 16:51:34.874619-03
1381	51	1	9	2026-03-04 16:51:34.88693-03
1382	51	2	9	2026-03-04 16:51:34.88693-03
1383	51	3	9	2026-03-04 16:51:34.88693-03
1384	51	4	9	2026-03-04 16:51:34.88693-03
1385	51	5	9	2026-03-04 16:51:34.88693-03
1386	51	6	9	2026-03-04 16:51:34.88693-03
1387	51	7	9	2026-03-04 16:51:34.88693-03
1388	51	8	9	2026-03-04 16:51:34.88693-03
1389	51	9	9	2026-03-04 16:51:34.88693-03
1390	86	1	10	2026-03-04 16:51:34.896902-03
1391	86	2	10	2026-03-04 16:51:34.896902-03
1392	86	3	10	2026-03-04 16:51:34.896902-03
1393	86	4	10	2026-03-04 16:51:34.896902-03
1394	86	5	10	2026-03-04 16:51:34.896902-03
1395	86	6	10	2026-03-04 16:51:34.896902-03
1396	86	7	10	2026-03-04 16:51:34.896902-03
1397	86	8	10	2026-03-04 16:51:34.896902-03
1398	86	9	10	2026-03-04 16:51:34.896902-03
1399	86	10	10	2026-03-04 16:51:34.896902-03
1400	52	1	5	2026-03-04 16:51:34.906982-03
1401	52	2	5	2026-03-04 16:51:34.906982-03
1402	52	3	5	2026-03-04 16:51:34.906982-03
1403	52	4	5	2026-03-04 16:51:34.906982-03
1404	52	5	5	2026-03-04 16:51:34.906982-03
1405	53	1	11	2026-03-04 16:51:34.914525-03
1406	53	2	11	2026-03-04 16:51:34.914525-03
1407	53	3	11	2026-03-04 16:51:34.914525-03
1408	53	4	11	2026-03-04 16:51:34.914525-03
1409	53	5	11	2026-03-04 16:51:34.914525-03
1410	53	6	11	2026-03-04 16:51:34.914525-03
1411	53	7	11	2026-03-04 16:51:34.914525-03
1412	53	8	11	2026-03-04 16:51:34.914525-03
1413	53	9	11	2026-03-04 16:51:34.914525-03
1414	53	10	11	2026-03-04 16:51:34.914525-03
1415	53	11	11	2026-03-04 16:51:34.914525-03
1416	54	1	100	2026-03-04 16:51:34.927434-03
1417	54	2	100	2026-03-04 16:51:34.927434-03
1418	54	3	100	2026-03-04 16:51:34.927434-03
1419	54	4	100	2026-03-04 16:51:34.927434-03
1420	54	5	100	2026-03-04 16:51:34.927434-03
1421	54	6	100	2026-03-04 16:51:34.927434-03
1422	54	7	100	2026-03-04 16:51:34.927434-03
1423	54	8	100	2026-03-04 16:51:34.927434-03
1424	54	9	100	2026-03-04 16:51:34.927434-03
1425	54	10	100	2026-03-04 16:51:34.927434-03
1426	54	11	100	2026-03-04 16:51:34.927434-03
1427	54	12	100	2026-03-04 16:51:34.927434-03
1428	54	13	100	2026-03-04 16:51:34.927434-03
1429	54	14	100	2026-03-04 16:51:34.927434-03
1430	54	15	100	2026-03-04 16:51:34.927434-03
1431	54	16	100	2026-03-04 16:51:34.927434-03
1432	54	17	100	2026-03-04 16:51:34.927434-03
1433	54	18	100	2026-03-04 16:51:34.927434-03
1434	54	19	100	2026-03-04 16:51:34.927434-03
1435	54	20	100	2026-03-04 16:51:34.927434-03
1436	54	21	100	2026-03-04 16:51:34.927434-03
1437	54	22	100	2026-03-04 16:51:34.927434-03
1438	54	23	100	2026-03-04 16:51:34.927434-03
1439	54	24	100	2026-03-04 16:51:34.927434-03
1440	54	25	100	2026-03-04 16:51:34.927434-03
1441	54	26	100	2026-03-04 16:51:34.927434-03
1442	54	27	100	2026-03-04 16:51:34.927434-03
1443	54	28	100	2026-03-04 16:51:34.927434-03
1444	54	29	100	2026-03-04 16:51:34.927434-03
1445	54	30	100	2026-03-04 16:51:34.927434-03
1446	54	31	100	2026-03-04 16:51:34.927434-03
1447	54	32	100	2026-03-04 16:51:34.927434-03
1448	54	33	100	2026-03-04 16:51:34.927434-03
1449	54	34	100	2026-03-04 16:51:34.927434-03
1450	54	35	100	2026-03-04 16:51:34.927434-03
1451	54	36	100	2026-03-04 16:51:34.927434-03
1452	54	37	100	2026-03-04 16:51:34.927434-03
1453	54	38	100	2026-03-04 16:51:34.927434-03
1454	54	39	100	2026-03-04 16:51:34.927434-03
1455	54	40	100	2026-03-04 16:51:34.927434-03
1456	54	41	100	2026-03-04 16:51:34.927434-03
1457	54	42	100	2026-03-04 16:51:34.927434-03
1458	54	43	100	2026-03-04 16:51:34.927434-03
1459	54	44	100	2026-03-04 16:51:34.927434-03
1460	54	45	100	2026-03-04 16:51:34.927434-03
1461	54	46	100	2026-03-04 16:51:34.927434-03
1462	54	47	100	2026-03-04 16:51:34.927434-03
1463	54	48	100	2026-03-04 16:51:34.927434-03
1464	54	49	100	2026-03-04 16:51:34.927434-03
1465	54	50	100	2026-03-04 16:51:34.927434-03
1466	54	51	100	2026-03-04 16:51:34.927434-03
1467	54	52	100	2026-03-04 16:51:34.927434-03
1468	54	53	100	2026-03-04 16:51:34.927434-03
1469	54	54	100	2026-03-04 16:51:34.927434-03
1470	54	55	100	2026-03-04 16:51:34.927434-03
1471	54	56	100	2026-03-04 16:51:34.927434-03
1472	54	57	100	2026-03-04 16:51:34.927434-03
1473	54	58	100	2026-03-04 16:51:34.927434-03
1474	54	59	100	2026-03-04 16:51:34.927434-03
1475	54	60	100	2026-03-04 16:51:34.927434-03
1476	54	61	100	2026-03-04 16:51:34.927434-03
1477	54	62	100	2026-03-04 16:51:34.927434-03
1478	54	63	100	2026-03-04 16:51:34.927434-03
1479	54	64	100	2026-03-04 16:51:34.927434-03
1480	54	65	100	2026-03-04 16:51:34.927434-03
1481	54	66	100	2026-03-04 16:51:34.927434-03
1482	54	67	100	2026-03-04 16:51:34.927434-03
1483	54	68	100	2026-03-04 16:51:34.927434-03
1484	54	69	100	2026-03-04 16:51:34.927434-03
1485	54	70	100	2026-03-04 16:51:34.927434-03
1486	54	71	100	2026-03-04 16:51:34.927434-03
1487	54	72	100	2026-03-04 16:51:34.927434-03
1488	54	73	100	2026-03-04 16:51:34.927434-03
1489	54	74	100	2026-03-04 16:51:34.927434-03
1490	54	75	100	2026-03-04 16:51:34.927434-03
1491	54	76	100	2026-03-04 16:51:34.927434-03
1492	54	77	100	2026-03-04 16:51:34.927434-03
1493	54	78	100	2026-03-04 16:51:34.927434-03
1494	54	79	100	2026-03-04 16:51:34.927434-03
1495	54	80	100	2026-03-04 16:51:34.927434-03
1496	54	81	100	2026-03-04 16:51:34.927434-03
1497	54	82	100	2026-03-04 16:51:34.927434-03
1498	54	83	100	2026-03-04 16:51:34.927434-03
1499	54	84	100	2026-03-04 16:51:34.927434-03
1500	54	85	100	2026-03-04 16:51:34.927434-03
1501	54	86	100	2026-03-04 16:51:34.927434-03
1502	54	87	100	2026-03-04 16:51:34.927434-03
1503	54	88	100	2026-03-04 16:51:34.927434-03
1504	54	89	100	2026-03-04 16:51:34.927434-03
1505	54	90	100	2026-03-04 16:51:34.927434-03
1506	54	91	100	2026-03-04 16:51:34.927434-03
1507	54	92	100	2026-03-04 16:51:34.927434-03
1508	54	93	100	2026-03-04 16:51:34.927434-03
1509	54	94	100	2026-03-04 16:51:34.927434-03
1510	54	95	100	2026-03-04 16:51:34.927434-03
1511	54	96	100	2026-03-04 16:51:34.927434-03
1512	54	97	100	2026-03-04 16:51:34.927434-03
1513	54	98	100	2026-03-04 16:51:34.927434-03
1514	54	99	100	2026-03-04 16:51:34.927434-03
1515	54	100	100	2026-03-04 16:51:34.927434-03
1516	55	1	11	2026-03-04 16:51:34.950296-03
1517	55	2	11	2026-03-04 16:51:34.950296-03
1518	55	3	11	2026-03-04 16:51:34.950296-03
1519	55	4	11	2026-03-04 16:51:34.950296-03
1520	55	5	11	2026-03-04 16:51:34.950296-03
1521	55	6	11	2026-03-04 16:51:34.950296-03
1522	55	7	11	2026-03-04 16:51:34.950296-03
1523	55	8	11	2026-03-04 16:51:34.950296-03
1524	55	9	11	2026-03-04 16:51:34.950296-03
1525	55	10	11	2026-03-04 16:51:34.950296-03
1526	55	11	11	2026-03-04 16:51:34.950296-03
1527	56	1	3	2026-03-04 16:51:34.961018-03
1528	56	2	3	2026-03-04 16:51:34.961018-03
1529	56	3	3	2026-03-04 16:51:34.961018-03
1530	57	1	4	2026-03-04 16:51:34.968579-03
1531	57	2	4	2026-03-04 16:51:34.968579-03
1532	57	3	4	2026-03-04 16:51:34.968579-03
1533	57	4	4	2026-03-04 16:51:34.968579-03
1534	58	1	3	2026-03-04 16:51:34.976477-03
1535	58	2	3	2026-03-04 16:51:34.976477-03
1536	58	3	3	2026-03-04 16:51:34.976477-03
1537	59	1	2	2026-03-04 16:51:34.983713-03
1538	59	2	2	2026-03-04 16:51:34.983713-03
1539	60	1	1	2026-03-04 16:51:34.990554-03
1540	61	1	3	2026-03-04 16:51:34.997391-03
1541	61	2	3	2026-03-04 16:51:34.997391-03
1542	61	3	3	2026-03-04 16:51:34.997391-03
1543	62	1	7	2026-03-04 16:51:35.004943-03
1544	62	2	7	2026-03-04 16:51:35.004943-03
1545	62	3	7	2026-03-04 16:51:35.004943-03
1546	62	4	7	2026-03-04 16:51:35.004943-03
1547	62	5	7	2026-03-04 16:51:35.004943-03
1548	62	6	7	2026-03-04 16:51:35.004943-03
1549	62	7	7	2026-03-04 16:51:35.004943-03
1550	63	1	50	2026-03-04 16:51:35.015886-03
1551	63	2	50	2026-03-04 16:51:35.015886-03
1552	63	3	50	2026-03-04 16:51:35.015886-03
1553	63	4	50	2026-03-04 16:51:35.015886-03
1554	63	5	50	2026-03-04 16:51:35.015886-03
1555	63	6	50	2026-03-04 16:51:35.015886-03
1556	63	7	50	2026-03-04 16:51:35.015886-03
1557	63	8	50	2026-03-04 16:51:35.015886-03
1558	63	9	50	2026-03-04 16:51:35.015886-03
1559	63	10	50	2026-03-04 16:51:35.015886-03
1560	63	11	50	2026-03-04 16:51:35.015886-03
1561	63	12	50	2026-03-04 16:51:35.015886-03
1562	63	13	50	2026-03-04 16:51:35.015886-03
1563	63	14	50	2026-03-04 16:51:35.015886-03
1564	63	15	50	2026-03-04 16:51:35.015886-03
1565	63	16	50	2026-03-04 16:51:35.015886-03
1566	63	17	50	2026-03-04 16:51:35.015886-03
1567	63	18	50	2026-03-04 16:51:35.015886-03
1568	63	19	50	2026-03-04 16:51:35.015886-03
1569	63	20	50	2026-03-04 16:51:35.015886-03
1570	63	21	50	2026-03-04 16:51:35.015886-03
1571	63	22	50	2026-03-04 16:51:35.015886-03
1572	63	23	50	2026-03-04 16:51:35.015886-03
1573	63	24	50	2026-03-04 16:51:35.015886-03
1574	63	25	50	2026-03-04 16:51:35.015886-03
1575	63	26	50	2026-03-04 16:51:35.015886-03
1576	63	27	50	2026-03-04 16:51:35.015886-03
1577	63	28	50	2026-03-04 16:51:35.015886-03
1578	63	29	50	2026-03-04 16:51:35.015886-03
1579	63	30	50	2026-03-04 16:51:35.015886-03
1580	63	31	50	2026-03-04 16:51:35.015886-03
1581	63	32	50	2026-03-04 16:51:35.015886-03
1582	63	33	50	2026-03-04 16:51:35.015886-03
1583	63	34	50	2026-03-04 16:51:35.015886-03
1584	63	35	50	2026-03-04 16:51:35.015886-03
1585	63	36	50	2026-03-04 16:51:35.015886-03
1586	63	37	50	2026-03-04 16:51:35.015886-03
1587	63	38	50	2026-03-04 16:51:35.015886-03
1588	63	39	50	2026-03-04 16:51:35.015886-03
1589	63	40	50	2026-03-04 16:51:35.015886-03
1590	63	41	50	2026-03-04 16:51:35.015886-03
1591	63	42	50	2026-03-04 16:51:35.015886-03
1592	63	43	50	2026-03-04 16:51:35.015886-03
1593	63	44	50	2026-03-04 16:51:35.015886-03
1594	63	45	50	2026-03-04 16:51:35.015886-03
1595	63	46	50	2026-03-04 16:51:35.015886-03
1596	63	47	50	2026-03-04 16:51:35.015886-03
1597	63	48	50	2026-03-04 16:51:35.015886-03
1598	63	49	50	2026-03-04 16:51:35.015886-03
1599	63	50	50	2026-03-04 16:51:35.015886-03
1600	64	1	3	2026-03-04 16:51:35.028099-03
1601	64	2	3	2026-03-04 16:51:35.028099-03
1602	64	3	3	2026-03-04 16:51:35.028099-03
1603	65	1	7	2026-03-04 16:51:35.036456-03
1604	65	2	7	2026-03-04 16:51:35.036456-03
1605	65	3	7	2026-03-04 16:51:35.036456-03
1606	65	4	7	2026-03-04 16:51:35.036456-03
1607	65	5	7	2026-03-04 16:51:35.036456-03
1608	65	6	7	2026-03-04 16:51:35.036456-03
1609	65	7	7	2026-03-04 16:51:35.036456-03
1610	66	1	2	2026-03-04 16:51:35.04536-03
1611	66	2	2	2026-03-04 16:51:35.04536-03
1612	67	1	3	2026-03-04 16:51:35.052106-03
1613	67	2	3	2026-03-04 16:51:35.052106-03
1614	67	3	3	2026-03-04 16:51:35.052106-03
1615	68	1	14	2026-03-04 16:51:35.05942-03
1616	68	2	14	2026-03-04 16:51:35.05942-03
1617	68	3	14	2026-03-04 16:51:35.05942-03
1618	68	4	14	2026-03-04 16:51:35.05942-03
1619	68	5	14	2026-03-04 16:51:35.05942-03
1620	68	6	14	2026-03-04 16:51:35.05942-03
1621	68	7	14	2026-03-04 16:51:35.05942-03
1622	68	8	14	2026-03-04 16:51:35.05942-03
1623	68	9	14	2026-03-04 16:51:35.05942-03
1624	68	10	14	2026-03-04 16:51:35.05942-03
1625	68	11	14	2026-03-04 16:51:35.05942-03
1626	68	12	14	2026-03-04 16:51:35.05942-03
1627	68	13	14	2026-03-04 16:51:35.05942-03
1628	68	14	14	2026-03-04 16:51:35.05942-03
1629	69	1	48	2026-03-04 16:51:35.074028-03
1630	69	2	48	2026-03-04 16:51:35.074028-03
1631	69	3	48	2026-03-04 16:51:35.074028-03
1632	69	4	48	2026-03-04 16:51:35.074028-03
1633	69	5	48	2026-03-04 16:51:35.074028-03
1634	69	6	48	2026-03-04 16:51:35.074028-03
1635	69	7	48	2026-03-04 16:51:35.074028-03
1636	69	8	48	2026-03-04 16:51:35.074028-03
1637	69	9	48	2026-03-04 16:51:35.074028-03
1638	69	10	48	2026-03-04 16:51:35.074028-03
1639	69	11	48	2026-03-04 16:51:35.074028-03
1640	69	12	48	2026-03-04 16:51:35.074028-03
1641	69	13	48	2026-03-04 16:51:35.074028-03
1642	69	14	48	2026-03-04 16:51:35.074028-03
1643	69	15	48	2026-03-04 16:51:35.074028-03
1644	69	16	48	2026-03-04 16:51:35.074028-03
1645	69	17	48	2026-03-04 16:51:35.074028-03
1646	69	18	48	2026-03-04 16:51:35.074028-03
1647	69	19	48	2026-03-04 16:51:35.074028-03
1648	69	20	48	2026-03-04 16:51:35.074028-03
1649	69	21	48	2026-03-04 16:51:35.074028-03
1650	69	22	48	2026-03-04 16:51:35.074028-03
1651	69	23	48	2026-03-04 16:51:35.074028-03
1652	69	24	48	2026-03-04 16:51:35.074028-03
1653	69	25	48	2026-03-04 16:51:35.074028-03
1654	69	26	48	2026-03-04 16:51:35.074028-03
1655	69	27	48	2026-03-04 16:51:35.074028-03
1656	69	28	48	2026-03-04 16:51:35.074028-03
1657	69	29	48	2026-03-04 16:51:35.074028-03
1658	69	30	48	2026-03-04 16:51:35.074028-03
1659	69	31	48	2026-03-04 16:51:35.074028-03
1660	69	32	48	2026-03-04 16:51:35.074028-03
1661	69	33	48	2026-03-04 16:51:35.074028-03
1662	69	34	48	2026-03-04 16:51:35.074028-03
1663	69	35	48	2026-03-04 16:51:35.074028-03
1664	69	36	48	2026-03-04 16:51:35.074028-03
1665	69	37	48	2026-03-04 16:51:35.074028-03
1666	69	38	48	2026-03-04 16:51:35.074028-03
1667	69	39	48	2026-03-04 16:51:35.074028-03
1668	69	40	48	2026-03-04 16:51:35.074028-03
1669	69	41	48	2026-03-04 16:51:35.074028-03
1670	69	42	48	2026-03-04 16:51:35.074028-03
1671	69	43	48	2026-03-04 16:51:35.074028-03
1672	69	44	48	2026-03-04 16:51:35.074028-03
1673	69	45	48	2026-03-04 16:51:35.074028-03
1674	69	46	48	2026-03-04 16:51:35.074028-03
1675	69	47	48	2026-03-04 16:51:35.074028-03
1676	69	48	48	2026-03-04 16:51:35.074028-03
1677	70	1	11	2026-03-04 16:51:35.095437-03
1678	70	2	11	2026-03-04 16:51:35.095437-03
1679	70	3	11	2026-03-04 16:51:35.095437-03
1680	70	4	11	2026-03-04 16:51:35.095437-03
1681	70	5	11	2026-03-04 16:51:35.095437-03
1682	70	6	11	2026-03-04 16:51:35.095437-03
1683	70	7	11	2026-03-04 16:51:35.095437-03
1684	70	8	11	2026-03-04 16:51:35.095437-03
1685	70	9	11	2026-03-04 16:51:35.095437-03
1686	70	10	11	2026-03-04 16:51:35.095437-03
1687	70	11	11	2026-03-04 16:51:35.095437-03
1688	71	1	2	2026-03-04 16:51:35.105285-03
1689	71	2	2	2026-03-04 16:51:35.105285-03
1690	72	1	2	2026-03-04 16:51:35.111528-03
1691	72	2	2	2026-03-04 16:51:35.111528-03
1692	73	1	3	2026-03-04 16:51:35.117799-03
1693	73	2	3	2026-03-04 16:51:35.117799-03
1694	73	3	3	2026-03-04 16:51:35.117799-03
1695	74	1	2	2026-03-04 16:51:35.12472-03
1696	74	2	2	2026-03-04 16:51:35.12472-03
1697	75	1	2	2026-03-04 16:51:35.131474-03
1698	75	2	2	2026-03-04 16:51:35.131474-03
1699	76	1	2	2026-03-04 16:51:35.138657-03
1700	76	2	2	2026-03-04 16:51:35.138657-03
1701	77	1	2	2026-03-04 16:51:35.145624-03
1702	77	2	2	2026-03-04 16:51:35.145624-03
1703	78	1	2	2026-03-04 16:51:35.153574-03
1704	78	2	2	2026-03-04 16:51:35.153574-03
1705	79	1	2	2026-03-04 16:51:35.160855-03
1706	79	2	2	2026-03-04 16:51:35.160855-03
1707	80	1	1	2026-03-04 16:51:35.168738-03
1708	81	1	2	2026-03-04 16:51:35.175131-03
1709	81	2	2	2026-03-04 16:51:35.175131-03
1710	82	1	3	2026-03-04 16:51:35.182772-03
1711	82	2	3	2026-03-04 16:51:35.182772-03
1712	82	3	3	2026-03-04 16:51:35.182772-03
1713	83	1	3	2026-03-04 16:51:35.191381-03
1714	83	2	3	2026-03-04 16:51:35.191381-03
1715	83	3	3	2026-03-04 16:51:35.191381-03
1716	84	1	5	2026-03-04 16:51:35.199888-03
1717	84	2	5	2026-03-04 16:51:35.199888-03
1718	84	3	5	2026-03-04 16:51:35.199888-03
1719	84	4	5	2026-03-04 16:51:35.199888-03
1720	84	5	5	2026-03-04 16:51:35.199888-03
1721	85	1	5	2026-03-04 16:51:35.207423-03
1722	85	2	5	2026-03-04 16:51:35.207423-03
1723	85	3	5	2026-03-04 16:51:35.207423-03
1724	85	4	5	2026-03-04 16:51:35.207423-03
1725	85	5	5	2026-03-04 16:51:35.207423-03
1726	87	1	1	2026-03-04 16:51:35.214033-03
1744	1	1	17	2026-03-04 16:51:35.274033-03
1745	1	2	17	2026-03-04 16:51:35.274033-03
1746	1	3	17	2026-03-04 16:51:35.274033-03
1747	1	4	17	2026-03-04 16:51:35.274033-03
1748	1	5	17	2026-03-04 16:51:35.274033-03
1749	1	6	17	2026-03-04 16:51:35.274033-03
1750	1	7	17	2026-03-04 16:51:35.274033-03
1751	1	8	17	2026-03-04 16:51:35.274033-03
1752	1	9	17	2026-03-04 16:51:35.274033-03
1753	1	10	17	2026-03-04 16:51:35.274033-03
1754	1	11	17	2026-03-04 16:51:35.274033-03
1755	1	12	17	2026-03-04 16:51:35.274033-03
1756	1	13	17	2026-03-04 16:51:35.274033-03
1757	1	14	17	2026-03-04 16:51:35.274033-03
1758	1	15	17	2026-03-04 16:51:35.274033-03
1759	1	16	17	2026-03-04 16:51:35.274033-03
1760	1	17	17	2026-03-04 16:51:35.274033-03
\.


--
-- TOC entry 5052 (class 0 OID 16681)
-- Dependencies: 220
-- Data for Name: pedidos; Type: TABLE DATA; Schema: public; Owner: postgres
--

COPY public.pedidos (id, picking, numero_pedido, rota, cliente_nome, endereco_logradouro, endereco_numero, endereco_bairro, endereco_cidade, endereco_uf, endereco_cep, criado_em, cpf_cnpj) FROM stdin;
3	442070	2368757	GRD RIO -GRANDE RIO	28010  -  FARM REAL DE TRINDADE LTDA  -  INDEPENDENTE	R.BARRA DO PIRAI		TRINDADE	SÃO GONÇALO	RJ	24456-420	2026-03-04 12:16:09.252322-03	02663625/0001-69
6	442135	2367599	999 -PENA E MENEGHITTI 2006 TRANSP	421308  -  DROGARIA YPU DE NOVA FRIBURGO LTDA ME -   -  DROGAVITA	RUA CORONEL ZAMITH		YPU	NOVA FRIBURGO	RJ	28613-560	2026-03-04 12:19:01.2639-03	28363017/0001-22
7	442143	2367602	999 -PENA E MENEGHITTI 2006 TRANSP	421294  -  DROGAVITA CENTRO LTDA - CENTRO  -  DROGAVITA	AV COMTE BITTENCOUT		CENTRO	NOVA FRIBURGO	RJ	28655-000	2026-03-04 12:19:01.284412-03	10515075/0001-69
8	442151	2367769	999 -PENA E MENEGHITTI 2006 TRANSP	422029  -  DROGARIA MCBP LTDA  -  DROGARIAS RIEGO	AVENIDA VICENTE DE CARVALHO		V CARVALHO	RIO DE JANEIRO	RJ	21210-154	2026-03-04 12:19:01.301938-03	43551062/0001-02
9	442178	2367998	CAW 1 -RJ INTERIOR 1	419729  -  DROG RCM LTDA  -  DROG RCM LTDA	ESTRADA CABUCU		CAMPO GRANDE	RIO DE JANEIRO	RJ	23017-250	2026-03-04 12:19:01.319921-03	51269519/0001-00
10	442186	2368536	LAG 1 -RJ INTERIOR 1	344788  -  CMJ DROGARIA LTDA ME  -  INDEPENDENTE	R ALCIDES MOURAO		AROEIRAS	MACAÉ	RJ	27945-402	2026-03-04 12:19:01.334142-03	17690106/0001-67
11	442194	2367890	LAG 1 -RJ INTERIOR 1	55000  -  GR MOREIRA E CIA LTDA ME  -  INDEPENDENTE	AV DOS BANDEIRANTES		COSTA AZUL	RIO DAS OSTRAS	RJ	28890-000	2026-03-04 12:19:01.356101-03	05466703/0001-23
12	442208	2368269	LAG 1 -RJ INTERIOR 1	15318  -  EC DE SOUZA LTDA  -  MAXCENTER	ROD. AMARAL PEIXOTO		AQUARIOS	CABO FRIO	RJ	28927-000	2026-03-04 12:19:01.375043-03	39186952/0001-87
13	442216	2368307	LAG 1 -RJ INTERIOR 1	328138  -  BDE DROG LTDA  -  MAXCENTER	RUA DAS CASUARINAS		RESIDENCIAL PRAIA ANCORA	RIO DAS OSTRAS	RJ	28890-000	2026-03-04 12:19:01.411316-03	13504334/0001-44
15	442232	2368293	LAG 1 -RJ INTERIOR 1	321990  -  DJD DROG DE BUZIOS LTDA  -  MAXCENTER	RUA PROGRESSO		SEM BRACA	ARMAÇÃO DOS BÚZIOS	RJ	28950-000	2026-03-04 12:19:01.44661-03	08818571/0001-40
16	442240	2368323	LAG 1 -RJ INTERIOR 1	59587  -  J J SILVA SOARES E DROG LTDA  -  MAXCENTER	ESTR CALIFORNIA		COSTAZUL	RIO DAS OSTRAS	RJ	28895-658	2026-03-04 12:19:01.462531-03	08017593/0001-00
17	442267	2367793	LAG 1 -RJ INTERIOR 1	417122  -  DROG VIVA BEM DE ARARUAMA LTDA  -  DROG VIVA BEM DE ARARUAMA LTDA	RUA FRANCISCO ANDRADE		CENTRO	ARARUAMA	RJ	28979-114	2026-03-04 12:19:01.477517-03	52751318/0001-08
18	442275	2368048	LAG 1 -RJ INTERIOR 1	412180  -  DROG SUPERAÇÃO LTDA - FIL 02  -  GRUPO ALEXANDRE	RUA LUIZ GOMES		CENTRO	SILVA JARDIM	RJ	28820-000	2026-03-04 12:19:01.490832-03	47749937/0013-61
19	442283	2368056	LAG 1 -RJ INTERIOR 1	412015  -  DROG SUPERAÇÃO LTDA - FIL 03  -  GRUPO ALEXANDRE	AVN GOVERNADOR LEONEL DE MOURA BRIZOLA		CENTRO	ARRAIAL DO CABO	RJ	28930-000	2026-03-04 12:19:01.517981-03	47749937/0003-90
20	442291	2368064	LAG 1 -RJ INTERIOR 1	412082  -  DROG SUPERAÇÃO LTDA - FIL 04  -  GRUPO ALEXANDRE	RUA CORONEL JOAO BRAVO		CENTRO	SAQUAREMA	RJ	28990-784	2026-03-04 12:19:01.533302-03	47749937/0009-85
21	442305	2368080	LAG 1 -RJ INTERIOR 1	412058  -  DROG SUPERAÇÃO LTDA - FIL 06  -  GRUPO ALEXANDRE	AVN CENTRA		PARQUE VIEIRA	CABO FRIO	RJ	28915-550	2026-03-04 12:19:01.548794-03	47749937/0002-09
23	442321	2368110	LAG 1 -RJ INTERIOR 1	411892  -  DROG SUPERAÇÃO LTDA - FIL 10  -  GRUPO ALEXANDRE	AVN GETÚLIO VARGAS		CENTRO	ARARUAMA	RJ	28979-129	2026-03-04 12:19:01.580991-03	47749937/0006-32
24	442330	2368137	LAG 1 -RJ INTERIOR 1	412198  -  DROG SUPERAÇÃO LTDA - FIL 11  -  GRUPO ALEXANDRE	PRC SANTO ANTÔNIO		BACAXA	SAQUAREMA	RJ	28994-792	2026-03-04 12:19:01.59863-03	47749937/0010-19
26	442356	2368170	LAG 1 -RJ INTERIOR 1	412260  -  DROG SUPERAÇÃO LTDA - FIL 13  -  GRUPO ALEXANDRE	RUA DOUTOR ANTONIO ALVES		CENTRO	SÃO PEDRO DA ALDEIA	RJ	28941-156	2026-03-04 12:19:01.629095-03	47749937/0004-70
27	442364	2368218	LAG 1 -RJ INTERIOR 1	412031  -  DROG SUPERAÇÃO LTDA - FIL 19 MATRIZ  -  GRUPO ALEXANDRE	RUA SILVA JARDIM		CENTRO	CABO FRIO	RJ	28905-220	2026-03-04 12:19:01.643283-03	47749937/0001-28
28	442372	2368331	LAG 1 -RJ INTERIOR 1	362417  -  MM TARGINO DROGARIA EIRELI  -  MAXCENTER	ROD AMARAL PEIXOTO		CENTRO	RIO DAS OSTRAS	RJ	28893-076	2026-03-04 12:19:01.660834-03	24719862/0001-37
29	442380	2367580	LAG 2 -RJ INTERIOR 2	47201  -  TEIXEIRA E SALE DROG LTDA  -  DROGAVITA	PRAÇA DR ORLANDO OBERLANDER		CENTRO	BOM JARDIM	RJ	28660-000	2026-03-04 12:19:01.678315-03	28790202/0001-01
30	442399	2368714	LAG 2 -RJ INTERIOR 2	47201  -  TEIXEIRA E SALE DROG LTDA  -  DROGAVITA	PRAÇA DR ORLANDO OBERLANDER		CENTRO	BOM JARDIM	RJ	28660-000	2026-03-04 12:19:01.69482-03	28790202/0001-01
31	442402	2367904	LAG 2 -RJ INTERIOR 2	352420  -  FARM BRASIL DE QUISSAMA LTDA  -  INDEPENDENTE	R BARAO DE VILA FRANCA		CENTRO	QUISSAMÃ	RJ	28735-000	2026-03-04 12:19:01.711036-03	20483812/0001-42
32	442410	2367718	RIO 1 -RJ INTERIOR 1	66257  -  DROG SIMAO E MARINHO LTDA  -  INDEPENDENTE	R AFONSO SALLES		MANILHA	ITABORAÍ	RJ	24800-000	2026-03-04 12:19:01.725746-03	08847231/0001-47
33	442437	2368226	RIO 1 -RJ INTERIOR 1	22691  -  FARM MARANATA LTDA  -  CITYFARMA	RUA MANOEL JOAO GONCALVES		CENTRO	TANGUÁ	RJ	24840-000	2026-03-04 12:19:01.752878-03	28961613/0001-04
34	442445	2368374	RIO 1 -RJ INTERIOR 1	343838  -  DROG ULTRAPOPULAR DE ANGRA DOS REIS FIL   -  INDEPENDENTE	RUA DO COMERCIO		CENTRO	ANGRA DOS REIS	RJ	23900-560	2026-03-04 12:19:01.771537-03	18242999/0001-40
36	442461	2367572	RIO 1 -RJ INTERIOR 1	5053  -  SALES E TEIXEIRA LTDA - ME  -  DROGAVITA	RUA JOSE DE QUEIROZ		CONSELHEIRO PAULINO	NOVA FRIBURGO	RJ	28633-500	2026-03-04 12:19:01.804224-03	02568960/0001-88
38	442593	2367521	RIO 1 -RJ INTERIOR 1	356085  -  DROG RENOVACAO PROD FARM EIRELI  -  INDEPENDENTE	R SETE DE ABRIL		PARQUE MAMBUCABA	ANGRA DOS REIS	RJ	23954-065	2026-03-04 12:19:01.839639-03	20794892/0001-57
39	442607	2367564	RIO 1 -RJ INTERIOR 1	347507  -  BRUNO P ROZALES COM DE PROD FA  -  INDEPENDENTE	AVN GOVERNADOR ROBERTO SILVEIRA		AMPARO	NOVA FRIBURGO	RJ	28605-970	2026-03-04 12:19:01.855242-03	18130584/0001-85
40	442615	2367815	RIO 1 -RJ INTERIOR 1	417220  -  DROGATUR MED E PERF LTDA FL 26  -  DROGATUR MED E PERF LTDA	RUA DO COMERCIO		CENTRO	ANGRA DOS REIS	RJ	23900-565	2026-03-04 12:19:01.869379-03	04683341/0023-75
41	442623	2367858	RIO 1 -RJ INTERIOR 1	362638  -  DROG FARMAPLUS LTDA - ME  -  INDEPENDENTE	AV AFONSO SALLES		APOLO II	ITABORAÍ	RJ	24858-556	2026-03-04 12:19:01.885175-03	28060082/0001-89
42	442631	2367866	RIO 1 -RJ INTERIOR 1	402303  -  DROG PHARMARES LTDA  -  NOVA REDE	AVN 22 DE MAIO		VENDA DAS PEDRAS	ITABORAÍ	RJ	24804-703	2026-03-04 12:19:01.902973-03	12751916/0001-62
43	442640	2368021	RIO 1 -RJ INTERIOR 1	412074  -  DROG SUPERAÇÃO LTDA - FIL 01  -  GRUPO ALEXANDRE	RUA GETULIO VARGAS		CENTRO	RIO BONITO	RJ	28800-000	2026-03-04 12:19:01.922359-03	47749937/0014-42
2	442062	2368919	CAP RJ -CAPITAL	403334  -  DROG CIC E DAN LTDA  -  INDEPENDENTE	ETR DO MONTEIRO		CAMPO GRANDE	RIO DE JANEIRO	RJ	23045-830	2026-03-04 12:16:09.220171-03	43866747/0001-30
46	442674	2368382	RIO 1 -RJ INTERIOR 1	353205  -  DROG ULTRAPOPULAR DE ITATIAIA FIL 03 (IT  -  INDEPENDENTE	R PREFEITO ASSUMPCAO		CENTRO	ITATIAIA	RJ	27580-000	2026-03-04 13:19:50.682952-03	19418959/0001-70
49	442704	2368463	RIO 1 -RJ INTERIOR 1	366900  -  DROG CAMPOS ELISEOS LTDA FIL 07 (STO AGO  -  INDEPENDENTE	R SOLDADO FRANCISCO ALVES ROCHA		S AGOSTINHO	VOLTA REDONDA	RJ	27211-160	2026-03-04 13:19:50.70751-03	29285269/0007-39
50	442712	2368471	RIO 1 -RJ INTERIOR 1	359777  -  DROG CAMPOS ELISEOS LTDA FIL 08 (PARAISO  -  INDEPENDENTE	RUA NOSSA SENHORA DE FATIMA		PARAISO	RESENDE	RJ	27536-220	2026-03-04 13:19:50.713754-03	29285269/0004-96
51	442720	2368480	RIO 1 -RJ INTERIOR 1	366889  -  DROG CAMPOS ELISEOS LTDA FIL 11 (UNIAO A  -  INDEPENDENTE	AV DAS MANGUEIRAS		C ALEGRIA	RESENDE	RJ	27525-250	2026-03-04 13:19:50.722396-03	29285269/0005-77
52	442747	2368501	RIO 1 -RJ INTERIOR 1	366935  -  DROG CAMPOS ELISEOS LTDA FIL 15 (RODOVIA  -  INDEPENDENTE	AVN DOUTOR GUSTAVO JARDIM		CENTRO	RESENDE	RJ	27511-360	2026-03-04 13:19:50.737483-03	29285269/0006-58
53	442755	2368811	RIO 1 -RJ INTERIOR 1	405060  -  VALHALLA IMPORTACAO E COMERCIO LTDA FILI  -  INDEPENDENTE	RUA COELHO NETTO,		SANTA TEREZINHA	VASSOURAS	RJ	27700-000	2026-03-04 13:19:50.757761-03	22782636/0002-56
54	442763	2367416	RIO 2 -RJ INTERIOR 2	9954  -  DROG CONTI MIRANDA LTDA  -  INDEPENDENTE	AV. ROBERTO SILVEIRA		VILA COLONIAL	PARATI	RJ	23970-000	2026-03-04 13:19:50.769486-03	36235927/0001-58
55	442771	2367807	RIO 2 -RJ INTERIOR 2	34266  -  DROG PERF BERDAN MP LTDA  -  INDEPENDENTE	LGO DO MACHADINHO		CENTRO	MIGUEL PEREIRA	RJ	26900-000	2026-03-04 13:19:50.790632-03	06926467/0001-43
56	442780	2367823	RIO 2 -RJ INTERIOR 2	34266  -  DROG PERF BERDAN MP LTDA  -  INDEPENDENTE	LGO DO MACHADINHO		CENTRO	MIGUEL PEREIRA	RJ	26900-000	2026-03-04 13:19:50.798905-03	06926467/0001-43
57	442798	2368129	RIO 2 -RJ INTERIOR 2	3689  -  FARM N SRA DA CONCEICAO PATY  -  INDEPENDENTE	RUA DR. SEBASTIAO LACERDA		CENTRO	PATY DO ALFERES	RJ	26950-000	2026-03-04 13:19:50.811542-03	32404246/0001-15
58	442801	2368145	RIO 2 -RJ INTERIOR 2	3689  -  FARM N SRA DA CONCEICAO PATY  -  INDEPENDENTE	RUA DR. SEBASTIAO LACERDA		CENTRO	PATY DO ALFERES	RJ	26950-000	2026-03-04 13:19:50.817509-03	32404246/0001-15
60	442828	2367505	RIO 2 -RJ INTERIOR 2	306550  -  J C W SIQUEIRA FARM  -  INDEPENDENTE	AVENIDA NILO PEÇANHA		CENTRO	VALENÇA	RJ	27600-000	2026-03-04 13:19:50.82922-03	09137657/0001-70
61	442836	2368013	RIO 2 -RJ INTERIOR 2	313670  -  DROG PERF XII LTDA-ME  -  INDEPENDENTE	RUA FRANCISCO MACHADO		CENTRO	MIGUEL PEREIRA	RJ	26900-000	2026-03-04 13:19:50.833648-03	10512018/0001-26
62	442844	2368005	RIO 2 -RJ INTERIOR 2	400718  -  DROG E PERF BERDAN MP 2 LTDA  -  INDEPENDENTE	RUA DONA MARIA JOSE		CENTRO	MIGUEL PEREIRA	RJ	26900-000	2026-03-04 13:19:50.839778-03	42656909/0001-42
63	442909	2367262	CAP RJ -CAPITAL	419834  -  DROG LEVFARMA DE OLARIA LTDA  -  MAIS BARATO	RUA ANGELICA MOTA		OLARIA	RIO DE JANEIRO	RJ	21021-490	2026-03-04 13:19:50.849082-03	54104667/0001-63
64	442933	2369281	CAP RJ -CAPITAL	325988  -  FARM PARANAPUAN DA ILHA LTDA  -  MAXCENTER	AV PARANAPUAN		ILHA DO GOVERNADOR	RIO DE JANEIRO	RJ	21853-480	2026-03-04 13:19:50.863157-03	12417658/0001-82
65	443000	2367092	CAP RJ -CAPITAL	50970  -  DROG OBELISCO DA ILHA LTDA  -  INDEPENDENTE	ESTR DO GALEAO		PORTUGUESA	RIO DE JANEIRO	RJ	21931-387	2026-03-04 13:19:50.869341-03	07605401/0001-14
66	443018	2367122	CAP RJ -CAPITAL	363618  -  DROGATUR MEDICAMENTOS E PERFUMARIA LTDA  -  INDEPENDENTE	EST RJ 14		MURIQUI	MANGARATIBA	RJ	23860-000	2026-03-04 13:19:50.87771-03	04683341/0015-65
67	443026	2367130	CAP RJ -CAPITAL	8966  -  FARM ANDORRA LTDA  -  INDEPENDENTE	RUA ANDORRA		PADRE MIGUEL	RIO DE JANEIRO	RJ	21875-120	2026-03-04 13:19:50.883445-03	33537143/0001-96
68	443034	2367440	GRD RIO -GRANDE RIO	56162  -  E G B BIA FARM LTDA  -  INDEPENDENTE	RUA CLARA DE ARAUJO		ENGENHO PEQUENO	NOVA IGUAÇU	RJ	26010-390	2026-03-04 13:19:50.890104-03	03133179/0001-43
69	443042	2367424	CAP RJ -CAPITAL	407364  -  DROG MÁXIMO ECONOMIA LTDA  -  INDEPENDENTE	RUA JOAQUIM DE QUEIROZ		COMPLEXO DO ALEMAO	RIO DE JANEIRO	RJ	21061-610	2026-03-04 13:19:50.904248-03	44286507/0001-29
70	443069	2369486	LAG 1 -RJ INTERIOR 1	329037  -  DROG DROGAMAR DE MACAE  -  INDEPENDENTE	AVENIDA W5		LAGOMAR	MACAÉ	RJ	27970-420	2026-03-04 13:19:50.925772-03	12097607/0001-10
71	443085	2369508	CAP RJ -CAPITAL	8966  -  FARM ANDORRA LTDA  -  INDEPENDENTE	RUA ANDORRA		PADRE MIGUEL	RIO DE JANEIRO	RJ	21875-120	2026-03-04 13:19:50.934392-03	33537143/0001-96
73	443107	2369540	RIO 2 -RJ INTERIOR 2	22810  -  DROG TERESINA LTDA  -  INDEPENDENTE	AV. JOSE DE ALENCAR		CENTRO	SUMIDOURO	RJ	28637-000	2026-03-04 13:19:50.945089-03	28835726/0001-63
75	443212	2367637	CAP RJ -CAPITAL	6050  -  FARM CENTRAL DA TUNISIA LTDA  -  NOVA REDE	RUA TUNISIA		VILA KENEDY	RIO DE JANEIRO	RJ	21853-430	2026-03-04 13:19:50.955454-03	01009399/0001-34
76	443263	2367653	CAP RJ -CAPITAL	11657  -  DROGAPEREZ DROG LTDA  -  NOVA REDE	EST. CORONEL VIEIRA		IRAJA	RIO DE JANEIRO	RJ	21220-310	2026-03-04 13:19:50.960004-03	29494341/0001-42
77	443271	2367670	GRD RIO -GRANDE RIO	394181  -  PVGF DROGARIA LTDA  -  INDEPENDENTE	ETR DO PILAR		P. CAPIVARI	DUQUE DE CAXIAS	RJ	25231-000	2026-03-04 13:19:50.965894-03	57045594/0002-55
78	443280	2367688	GRD RIO -GRANDE RIO	394203  -  PVGF DROGARIA LTDA  -  MAIS BARATO	AVN EMÍLIO DE MENEZES		JD PRIMAVERA	DUQUE DE CAXIAS	RJ	25215-255	2026-03-04 13:19:50.971516-03	57045594/0003-36
79	443298	2367696	GRD RIO -GRANDE RIO	394173  -  PVGF DROGARIA LTDA  -  INDEPENDENTE	ETV VELHA DO PILAR		FIGUEIRA	DUQUE DE CAXIAS	RJ	25230-610	2026-03-04 13:19:50.977563-03	57045594/0001-74
80	443301	2367726	GRD RIO -GRANDE RIO	328693  -  DROG POVAO DE INOA LTDA ME  -  INDEPENDENTE	ESTRADA RAUL VEIGA		ALCANTARA	SÃO GONÇALO	RJ	24710-480	2026-03-04 13:19:50.983984-03	13071250/0001-64
82	443328	2367777	GRD RIO -GRANDE RIO	399990  -  MALU FARMA LTDA  -  REDE SAUDE DA SERRA	RUA PASTOR SILVIO LOPES,		VILA SANTA CRUZ	DUQUE DE CAXIAS	RJ	25240-265	2026-03-04 13:19:50.993575-03	42290046/0001-32
83	443336	2367831	CAP RJ -CAPITAL	356972  -  DROG CASA DA SAUDE LTDA EPP  -  CONCEITO	AV DAS AMERICAS		BARRA DA TIJUCA	RIO DE JANEIRO	RJ	22793-081	2026-03-04 13:19:50.999171-03	19711644/0001-16
85	443352	2367963	CAP RJ -CAPITAL	417211  -  DROG OLIVEIRA JUNQUEIRA LTDA  -  DROG OLIVEIRA JUNQUEIRA	RUA OLIVEIRA JUNQUEIRA		M HERMES	RIO DE JANEIRO	RJ	21331-170	2026-03-04 13:19:51.011083-03	54638055/0001-50
1	442160	2367785	999 -PENA E MENEGHITTI 2006 TRANSP	422738  -  DROGARIA MAIS BARATO TOP 23 LTDA  -  DROGARIAS MAIS BARATO	RUA UBALDINO RIBEIRO DOS SANTOS		VL RCH NOVO	NOVA IGUAÇU	RJ	26015-410	2026-03-04 11:57:51.302006-03	64342964/0001-09
44	442658	2368188	RIO 1 -RJ INTERIOR 1	412201  -  DROG SUPERAÇÃO LTDA - FIL 14  -  GRUPO ALEXANDRE	AVN 22 DE MAIO		VENDA DAS PEDRAS	ITABORAÍ	RJ	24804-703	2026-03-04 12:19:01.939946-03	47749937/0016-04
4	442119	2367475	999 -PENA E MENEGHITTI 2006 TRANSP	421030  -  ESSENCIAL FARMA PIMENTEIRAS LTDA  -  ESSENCIAL	EST DAS PIMENTEIRAS		PIMENTEIRAS	TERESÓPOLIS	RJ	25963-007	2026-03-04 12:16:09.261473-03	58111087/0001-54
5	442127	2367483	999 -PENA E MENEGHITTI 2006 TRANSP	421545  -  DROGARIA IMBUI LTDA  -  DROGARIA IMBUI LTDA	ESTRADA JOSE GOMES DA COSTA JR		CASCATA DO IMBUI	TERESÓPOLIS	RJ	25973-001	2026-03-04 12:19:01.203481-03	59122628/0001-02
14	442224	2368285	LAG 1 -RJ INTERIOR 1	64610  -  JE DROG DE BUZIOS LTDA ME  -  MAXCENTER	EST.JOSE BENTO RIBEIRO DANTAS		CEM BRACAS	ARMAÇÃO DOS BÚZIOS	RJ	28950-972	2026-03-04 12:19:01.428945-03	08394861/0001-03
22	442313	2368099	LAG 1 -RJ INTERIOR 1	412171  -  DROG SUPERAÇÃO LTDA - FIL 07  -  GRUPO ALEXANDRE	RUA ALPHEL MARCHON		PRIMAVERA	CASIMIRO DE ABREU	RJ	28860-000	2026-03-04 12:19:01.56457-03	47749937/0012-80
25	442348	2368161	LAG 1 -RJ INTERIOR 1	412252  -  DROG SUPERAÇÃO LTDA - FIL 12  -  GRUPO ALEXANDRE	RUA FELICIANO SODRE		CENTRO	SÃO PEDRO DA ALDEIA	RJ	28941-154	2026-03-04 12:19:01.613872-03	47749937/0005-51
35	442453	2368366	RIO 1 -RJ INTERIOR 1	311448  -  DROG CAMPOS ELISEOS LTDA FIL 01 (ALEGRIA  -  INDEPENDENTE	AVENIDA DAS MANGUEIRAS		C ALEGRIA	RESENDE	RJ	27525-250	2026-03-04 12:19:01.789425-03	29285269/0003-05
37	442470	2368404	RIO 1 -RJ INTERIOR 1	46140  -  DROG CAMPOS ELISIOS LTDA FIL 04 (CAMPOS   -  INDEPENDENTE	PCA ESPERANTO		C ELISIOS	RESENDE	RJ	27542-200	2026-03-04 12:19:01.820654-03	29285269/0001-43
45	442666	2368196	RIO 1 -RJ INTERIOR 1	412236  -  DROG SUPERAÇÃO LTDA - FIL 16  -  GRUPO ALEXANDRE	RUA MANOEL JOAO GONCALVES		VL STO ANTONIO	TANGUÁ	RJ	24890-000	2026-03-04 13:19:50.622446-03	47749937/0015-23
47	442682	2368439	RIO 1 -RJ INTERIOR 1	369810  -  DROG CAMPOS ELISEOS LTDA FIL 05 (RETIRO)  -  INDEPENDENTE	AV SAVIO COTA DE ALMEIDA GAMA		RETIRO	VOLTA REDONDA	RJ	27281-421	2026-03-04 13:19:50.689582-03	29285269/0008-10
48	442690	2368455	RIO 1 -RJ INTERIOR 1	358037  -  DROG CAMPOS ELISEOS LTDA FIL 06 (MANEJO)  -  INDEPENDENTE	AV TENENTE CEL ADALBERTO MENDES		MANEJO	RESENDE	RJ	27520-302	2026-03-04 13:19:50.695888-03	29285269/0002-24
86	442739	2368498	RIO 1 -RJ INTERIOR 1	366919  -  DROG CAMPOS ELISEOS LTDA FIL 13 (ATERRAD  -  INDEPENDENTE	AVENIDA PAULO DE FRONTIN		ATERRADO	VOLTA REDONDA	RJ	27213-150	2026-03-04 13:19:51.016255-03	29285269/0009-09
59	442810	2368250	RIO 2 -RJ INTERIOR 2	66966  -  E G CASTRO E BARCELOS COMERCIO DE MED E   -  INDEPENDENTE	AV VICTOR SENCE		CENTRO	CONCEIÇÃO DE MACABU	RJ	28740-000	2026-03-04 13:19:50.824211-03	02213202/0001-47
72	443093	2369516	CAP RJ -CAPITAL	25526  -  DROG BERNARDINO LTDA  -  INDEPENDENTE	RUA FIGUEIREDO CAMARGO		PADRE MIGUEL	RIO DE JANEIRO	RJ	21875-120	2026-03-04 13:19:50.939065-03	02212563/0001-79
74	443115	2369559	LAG 1 -RJ INTERIOR 1	401846  -  DROG CASTELAR LTDA  -  INDEPENDENTE	RUA DAS ACACIAS		PRAIA DO ANCORA	RIO DAS OSTRAS	RJ	28899-422	2026-03-04 13:19:50.95083-03	40433438/0001-88
81	443310	2367734	CAP RJ -CAPITAL	338125  -  DROG PROGRESSO DO REGINAS  -  MAIS BARATO	R MAJOR CONRADO		CORDOVIL	RIO DE JANEIRO	RJ	21250-280	2026-03-04 13:19:50.98822-03	10287572/0001-57
84	443344	2367955	CAP RJ -CAPITAL	417211  -  DROG OLIVEIRA JUNQUEIRA LTDA  -  DROG OLIVEIRA JUNQUEIRA	RUA OLIVEIRA JUNQUEIRA		M HERMES	RIO DE JANEIRO	RJ	21331-170	2026-03-04 13:19:51.005386-03	54638055/0001-50
87	443360	2368030	GRD RIO -GRANDE RIO	319350  -  DROG CANTO DA SAUDE LTDA  -  INDEPENDENTE	AV VISCONDE DO RIO BRANCO		CENTRO	NITERÓI	RJ	24020-000	2026-03-04 13:51:44.929373-03	12216147/0001-00
\.


--
-- TOC entry 5058 (class 0 OID 16741)
-- Dependencies: 226
-- Data for Name: volume_itens; Type: TABLE DATA; Schema: public; Owner: postgres
--

COPY public.volume_itens (id, volume_id, item_id, quantidade) FROM stdin;
\.


--
-- TOC entry 5068 (class 0 OID 0)
-- Dependencies: 221
-- Name: pedido_itens_id_seq; Type: SEQUENCE SET; Schema: public; Owner: postgres
--

SELECT pg_catalog.setval('public.pedido_itens_id_seq', 1610, true);


--
-- TOC entry 5069 (class 0 OID 0)
-- Dependencies: 223
-- Name: pedido_volumes_id_seq; Type: SEQUENCE SET; Schema: public; Owner: postgres
--

SELECT pg_catalog.setval('public.pedido_volumes_id_seq', 1760, true);


--
-- TOC entry 5070 (class 0 OID 0)
-- Dependencies: 219
-- Name: pedidos_id_seq; Type: SEQUENCE SET; Schema: public; Owner: postgres
--

SELECT pg_catalog.setval('public.pedidos_id_seq', 87, true);


--
-- TOC entry 5071 (class 0 OID 0)
-- Dependencies: 225
-- Name: volume_itens_id_seq; Type: SEQUENCE SET; Schema: public; Owner: postgres
--

SELECT pg_catalog.setval('public.volume_itens_id_seq', 1, false);


--
-- TOC entry 4887 (class 2606 OID 16712)
-- Name: pedido_itens pedido_itens_pedido_id_codigo_produto_descricao_linha_orige_key; Type: CONSTRAINT; Schema: public; Owner: postgres
--

ALTER TABLE ONLY public.pedido_itens
    ADD CONSTRAINT pedido_itens_pedido_id_codigo_produto_descricao_linha_orige_key UNIQUE (pedido_id, codigo_produto, descricao, linha_origem);


--
-- TOC entry 4889 (class 2606 OID 16710)
-- Name: pedido_itens pedido_itens_pkey; Type: CONSTRAINT; Schema: public; Owner: postgres
--

ALTER TABLE ONLY public.pedido_itens
    ADD CONSTRAINT pedido_itens_pkey PRIMARY KEY (id);


--
-- TOC entry 4892 (class 2606 OID 16733)
-- Name: pedido_volumes pedido_volumes_pedido_id_volume_num_key; Type: CONSTRAINT; Schema: public; Owner: postgres
--

ALTER TABLE ONLY public.pedido_volumes
    ADD CONSTRAINT pedido_volumes_pedido_id_volume_num_key UNIQUE (pedido_id, volume_num);


--
-- TOC entry 4894 (class 2606 OID 16731)
-- Name: pedido_volumes pedido_volumes_pkey; Type: CONSTRAINT; Schema: public; Owner: postgres
--

ALTER TABLE ONLY public.pedido_volumes
    ADD CONSTRAINT pedido_volumes_pkey PRIMARY KEY (id);


--
-- TOC entry 4882 (class 2606 OID 16695)
-- Name: pedidos pedidos_picking_numero_pedido_key; Type: CONSTRAINT; Schema: public; Owner: postgres
--

ALTER TABLE ONLY public.pedidos
    ADD CONSTRAINT pedidos_picking_numero_pedido_key UNIQUE (picking, numero_pedido);


--
-- TOC entry 4884 (class 2606 OID 16693)
-- Name: pedidos pedidos_pkey; Type: CONSTRAINT; Schema: public; Owner: postgres
--

ALTER TABLE ONLY public.pedidos
    ADD CONSTRAINT pedidos_pkey PRIMARY KEY (id);


--
-- TOC entry 4897 (class 2606 OID 16751)
-- Name: volume_itens volume_itens_pkey; Type: CONSTRAINT; Schema: public; Owner: postgres
--

ALTER TABLE ONLY public.volume_itens
    ADD CONSTRAINT volume_itens_pkey PRIMARY KEY (id);


--
-- TOC entry 4899 (class 2606 OID 16753)
-- Name: volume_itens volume_itens_volume_id_item_id_key; Type: CONSTRAINT; Schema: public; Owner: postgres
--

ALTER TABLE ONLY public.volume_itens
    ADD CONSTRAINT volume_itens_volume_id_item_id_key UNIQUE (volume_id, item_id);


--
-- TOC entry 4885 (class 1259 OID 16718)
-- Name: ix_itens_pedido; Type: INDEX; Schema: public; Owner: postgres
--

CREATE INDEX ix_itens_pedido ON public.pedido_itens USING btree (pedido_id);


--
-- TOC entry 4879 (class 1259 OID 16697)
-- Name: ix_pedidos_pedido; Type: INDEX; Schema: public; Owner: postgres
--

CREATE INDEX ix_pedidos_pedido ON public.pedidos USING btree (numero_pedido);


--
-- TOC entry 4880 (class 1259 OID 16696)
-- Name: ix_pedidos_picking; Type: INDEX; Schema: public; Owner: postgres
--

CREATE INDEX ix_pedidos_picking ON public.pedidos USING btree (picking);


--
-- TOC entry 4895 (class 1259 OID 16764)
-- Name: ix_volume_itens_volume; Type: INDEX; Schema: public; Owner: postgres
--

CREATE INDEX ix_volume_itens_volume ON public.volume_itens USING btree (volume_id);


--
-- TOC entry 4890 (class 1259 OID 16739)
-- Name: ix_volumes_pedido; Type: INDEX; Schema: public; Owner: postgres
--

CREATE INDEX ix_volumes_pedido ON public.pedido_volumes USING btree (pedido_id);


--
-- TOC entry 4900 (class 2606 OID 16713)
-- Name: pedido_itens pedido_itens_pedido_id_fkey; Type: FK CONSTRAINT; Schema: public; Owner: postgres
--

ALTER TABLE ONLY public.pedido_itens
    ADD CONSTRAINT pedido_itens_pedido_id_fkey FOREIGN KEY (pedido_id) REFERENCES public.pedidos(id) ON DELETE CASCADE;


--
-- TOC entry 4901 (class 2606 OID 16734)
-- Name: pedido_volumes pedido_volumes_pedido_id_fkey; Type: FK CONSTRAINT; Schema: public; Owner: postgres
--

ALTER TABLE ONLY public.pedido_volumes
    ADD CONSTRAINT pedido_volumes_pedido_id_fkey FOREIGN KEY (pedido_id) REFERENCES public.pedidos(id) ON DELETE CASCADE;


--
-- TOC entry 4902 (class 2606 OID 16759)
-- Name: volume_itens volume_itens_item_id_fkey; Type: FK CONSTRAINT; Schema: public; Owner: postgres
--

ALTER TABLE ONLY public.volume_itens
    ADD CONSTRAINT volume_itens_item_id_fkey FOREIGN KEY (item_id) REFERENCES public.pedido_itens(id) ON DELETE CASCADE;


--
-- TOC entry 4903 (class 2606 OID 16754)
-- Name: volume_itens volume_itens_volume_id_fkey; Type: FK CONSTRAINT; Schema: public; Owner: postgres
--

ALTER TABLE ONLY public.volume_itens
    ADD CONSTRAINT volume_itens_volume_id_fkey FOREIGN KEY (volume_id) REFERENCES public.pedido_volumes(id) ON DELETE CASCADE;


-- Completed on 2026-03-04 16:54:02

--
-- PostgreSQL database dump complete
--

\unrestrict 2XxQkwFLPeazGbr6M3rfaA2ljbFeYK6giYbZoXsLvtMHTNLZb1s51WeCxgXOV3F

